id,name,email,phone,ip,tfn,abn,nhs,notes,card
1,Pat Example 1,noreply1@example.net,02 5550 1234,,,,,AU SMB customer record,
2,Pat Example 2,noreply2@example.net,02 5550 1234,,,,,AU SMB customer record,
3,Pat Example 3,user0003@example.com,02 5550 1234,,,,,AU SMB customer record,
4,Pat Example 4,noreply4@example.net,02 5550 1234,,,,,AU SMB customer record,
5,Pat Example 5,noreply5@example.net,0412 105 055,,,,,AU SMB customer record,
6,Pat Example 6,user0006@example.com,02 5550 1234,,,,,AU SMB customer record,
7,Pat Example 7,noreply7@example.net,02 5550 1234,192.0.2.7,,,,AU SMB customer record,
8,Pat Example 8,noreply8@example.net,02 5550 1234,,,,,AU SMB customer record,
9,Pat Example 9,user0009@example.com,02 5550 1234,,,,,AU SMB customer record,
10,Pat Example 10,noreply10@example.net,0412 110 100,,,,,AU SMB customer record,
11,Pat Example 11,noreply11@example.net,02 5550 1234,,123 456 782,,,AU SMB customer record tfn on file,
12,Pat Example 12,user0012@example.com,02 5550 1234,,,,,AU SMB customer record,
13,Pat Example 13,noreply13@example.net,02 5550 1234,,,51 824 753 556,,AU SMB customer record abn on file,
14,Pat Example 14,noreply14@example.net,02 5550 1234,192.0.2.14,,,,AU SMB customer record,
15,Pat Example 15,user0015@example.com,0412 115 155,,,,,AU SMB customer record,
16,Pat Example 16,noreply16@example.net,02 5550 1234,,,,,AU SMB customer record,
17,Pat Example 17,noreply17@example.net,02 5550 1234,,,,943 476 5919,AU SMB customer record nhs patient,
18,Pat Example 18,user0018@example.com,02 5550 1234,,,,,AU SMB customer record,
19,Pat Example 19,noreply19@example.net,02 5550 1234,,,,,AU SMB customer record,4242424242424242
20,Pat Example 20,noreply20@example.net,0412 120 200,,,,,AU SMB customer record,
21,Pat Example 21,user0021@example.com,02 5550 1234,192.0.2.21,,,,AU SMB customer record,
22,Pat Example 22,noreply22@example.net,02 5550 1234,,123 456 782,,,AU SMB customer record tfn on file,
23,Pat Example 23,noreply23@example.net,02 5550 1234,,,,,AU SMB customer record,
24,Pat Example 24,user0024@example.com,02 5550 1234,,,,,AU SMB customer record,
25,Pat Example 25,noreply25@example.net,0412 125 255,,,,,AU SMB customer record,
26,Pat Example 26,noreply26@example.net,02 5550 1234,,,51 824 753 556,,AU SMB customer record abn on file,
27,Pat Example 27,user0027@example.com,02 5550 1234,,,,,AU SMB customer record,
28,Pat Example 28,noreply28@example.net,02 5550 1234,192.0.2.28,,,,AU SMB customer record,
29,Pat Example 29,noreply29@example.net,02 5550 1234,,,,,AU SMB customer record,
30,Pat Example 30,user0030@example.com,0412 130 300,,,,,AU SMB customer record,
31,Pat Example 31,noreply31@example.net,02 5550 1234,,,,,AU SMB customer record,
32,Pat Example 32,noreply32@example.net,02 5550 1234,,,,,AU SMB customer record,
33,Pat Example 33,user0033@example.com,02 5550 1234,,123 456 782,,,AU SMB customer record tfn on file,
34,Pat Example 34,noreply34@example.net,02 5550 1234,,,,943 476 5919,AU SMB customer record nhs patient,
35,Pat Example 35,noreply35@example.net,0412 135 355,192.0.2.35,,,,AU SMB customer record,
36,Pat Example 36,user0036@example.com,02 5550 1234,,,,,AU SMB customer record,
37,Pat Example 37,noreply37@example.net,02 5550 1234,,,,,AU SMB customer record,
38,Pat Example 38,noreply38@example.net,02 5550 1234,,,,,AU SMB customer record,4242424242424242
39,Pat Example 39,user0039@example.com,02 5550 1234,,,51 824 753 556,,AU SMB customer record abn on file,
40,Pat Example 40,noreply40@example.net,0412 140 400,,,,,AU SMB customer record,
41,Pat Example 41,noreply41@example.net,02 5550 1234,,,,,AU SMB customer record,
42,Pat Example 42,user0042@example.com,02 5550 1234,192.0.2.42,,,,AU SMB customer record,
43,Pat Example 43,noreply43@example.net,02 5550 1234,,,,,AU SMB customer record,
44,Pat Example 44,noreply44@example.net,02 5550 1234,,123 456 782,,,AU SMB customer record tfn on file,
45,Pat Example 45,user0045@example.com,0412 145 455,,,,,AU SMB customer record,
46,Pat Example 46,noreply46@example.net,02 5550 1234,,,,,AU SMB customer record,
47,Pat Example 47,noreply47@example.net,02 5550 1234,,,,,AU SMB customer record,
48,Pat Example 48,user0048@example.com,02 5550 1234,,,,,AU SMB customer record,
49,Pat Example 49,noreply49@example.net,02 5550 1234,192.0.2.49,,,,AU SMB customer record,
50,Pat Example 50,noreply50@example.net,0412 150 500,,,,,AU SMB customer record,
51,Pat Example 51,user0051@example.com,02 5550 1234,,,,943 476 5919,AU SMB customer record nhs patient,
52,Pat Example 52,noreply52@example.net,02 5550 1234,,,51 824 753 556,,AU SMB customer record abn on file,
53,Pat Example 53,noreply53@example.net,02 5550 1234,,,,,AU SMB customer record,
54,Pat Example 54,user0054@example.com,02 5550 1234,,,,,AU SMB customer record,
55,Pat Example 55,noreply55@example.net,0412 155 555,,123 456 782,,,AU SMB customer record tfn on file,
56,Pat Example 56,noreply56@example.net,02 5550 1234,192.0.2.56,,,,AU SMB customer record,
57,Pat Example 57,user0057@example.com,02 5550 1234,,,,,AU SMB customer record,4242424242424242
58,Pat Example 58,noreply58@example.net,02 5550 1234,,,,,AU SMB customer record,
59,Pat Example 59,noreply59@example.net,02 5550 1234,,,,,AU SMB customer record,
60,Pat Example 60,user0060@example.com,0412 160 600,,,,,AU SMB customer record,
61,Pat Example 61,noreply61@example.net,02 5550 1234,,,,,AU SMB customer record,
62,Pat Example 62,noreply62@example.net,02 5550 1234,,,,,AU SMB customer record,
63,Pat Example 63,user0063@example.com,02 5550 1234,192.0.2.63,,,,AU SMB customer record,
64,Pat Example 64,noreply64@example.net,02 5550 1234,,,,,AU SMB customer record,
65,Pat Example 65,noreply65@example.net,0412 165 655,,,51 824 753 556,,AU SMB customer record abn on file,
66,Pat Example 66,user0066@example.com,02 5550 1234,,123 456 782,,,AU SMB customer record tfn on file,
67,Pat Example 67,noreply67@example.net,02 5550 1234,,,,,AU SMB customer record,
68,Pat Example 68,noreply68@example.net,02 5550 1234,,,,943 476 5919,AU SMB customer record nhs patient,
69,Pat Example 69,user0069@example.com,02 5550 1234,,,,,AU SMB customer record,
70,Pat Example 70,noreply70@example.net,0412 170 700,192.0.2.70,,,,AU SMB customer record,
71,Pat Example 71,noreply71@example.net,02 5550 1234,,,,,AU SMB customer record,
72,Pat Example 72,user0072@example.com,02 5550 1234,,,,,AU SMB customer record,
73,Pat Example 73,noreply73@example.net,02 5550 1234,,,,,AU SMB customer record,
74,Pat Example 74,noreply74@example.net,02 5550 1234,,,,,AU SMB customer record,
75,Pat Example 75,user0075@example.com,0412 175 755,,,,,AU SMB customer record,
76,Pat Example 76,noreply76@example.net,02 5550 1234,,,,,AU SMB customer record,4242424242424242
77,Pat Example 77,noreply77@example.net,02 5550 1234,192.0.2.77,123 456 782,,,AU SMB customer record tfn on file,
78,Pat Example 78,user0078@example.com,02 5550 1234,,,51 824 753 556,,AU SMB customer record abn on file,
79,Pat Example 79,noreply79@example.net,02 5550 1234,,,,,AU SMB customer record,
80,Pat Example 80,noreply80@example.net,0412 180 800,,,,,AU SMB customer record,
81,Pat Example 81,user0081@example.com,02 5550 1234,,,,,AU SMB customer record,
82,Pat Example 82,noreply82@example.net,02 5550 1234,,,,,AU SMB customer record,
83,Pat Example 83,noreply83@example.net,02 5550 1234,,,,,AU SMB customer record,
84,Pat Example 84,user0084@example.com,02 5550 1234,192.0.2.84,,,,AU SMB customer record,
85,Pat Example 85,noreply85@example.net,0412 185 855,,,,943 476 5919,AU SMB customer record nhs patient,
86,Pat Example 86,noreply86@example.net,02 5550 1234,,,,,AU SMB customer record,
87,Pat Example 87,user0087@example.com,02 5550 1234,,,,,AU SMB customer record,
88,Pat Example 88,noreply88@example.net,02 5550 1234,,123 456 782,,,AU SMB customer record tfn on file,
89,Pat Example 89,noreply89@example.net,02 5550 1234,,,,,AU SMB customer record,
90,Pat Example 90,user0090@example.com,0412 190 000,,,,,AU SMB customer record,
91,Pat Example 91,noreply91@example.net,02 5550 1234,192.0.2.91,,51 824 753 556,,AU SMB customer record abn on file,
92,Pat Example 92,noreply92@example.net,02 5550 1234,,,,,AU SMB customer record,
93,Pat Example 93,user0093@example.com,02 5550 1234,,,,,AU SMB customer record,
94,Pat Example 94,noreply94@example.net,02 5550 1234,,,,,AU SMB customer record,
95,Pat Example 95,noreply95@example.net,0412 195 055,,,,,AU SMB customer record,4242424242424242
96,Pat Example 96,user0096@example.com,02 5550 1234,,,,,AU SMB customer record,
97,Pat Example 97,noreply97@example.net,02 5550 1234,,,,,AU SMB customer record,
98,Pat Example 98,noreply98@example.net,02 5550 1234,192.0.2.98,,,,AU SMB customer record,
99,Pat Example 99,user0099@example.com,02 5550 1234,,123 456 782,,,AU SMB customer record tfn on file,
100,Pat Example 100,noreply100@example.net,0412 200 100,,,,,AU SMB customer record,
101,Pat Example 101,noreply101@example.net,02 5550 1234,,,,,AU SMB customer record,
102,Pat Example 102,user0102@example.com,02 5550 1234,,,,943 476 5919,AU SMB customer record nhs patient,
103,Pat Example 103,noreply103@example.net,02 5550 1234,,,,,AU SMB customer record,
104,Pat Example 104,noreply104@example.net,02 5550 1234,,,51 824 753 556,,AU SMB customer record abn on file,
105,Pat Example 105,user0105@example.com,0412 205 155,192.0.2.105,,,,AU SMB customer record,
106,Pat Example 106,noreply106@example.net,02 5550 1234,,,,,AU SMB customer record,
107,Pat Example 107,noreply107@example.net,02 5550 1234,,,,,AU SMB customer record,
108,Pat Example 108,user0108@example.com,02 5550 1234,,,,,AU SMB customer record,
109,Pat Example 109,noreply109@example.net,02 5550 1234,,,,,AU SMB customer record,
110,Pat Example 110,noreply110@example.net,0412 210 200,,123 456 782,,,AU SMB customer record tfn on file,
111,Pat Example 111,user0111@example.com,02 5550 1234,,,,,AU SMB customer record,
112,Pat Example 112,noreply112@example.net,02 5550 1234,192.0.2.112,,,,AU SMB customer record,
113,Pat Example 113,noreply113@example.net,02 5550 1234,,,,,AU SMB customer record,
114,Pat Example 114,user0114@example.com,02 5550 1234,,,,,AU SMB customer record,4242424242424242
115,Pat Example 115,noreply115@example.net,0412 215 255,,,,,AU SMB customer record,
116,Pat Example 116,noreply116@example.net,02 5550 1234,,,,,AU SMB customer record,
117,Pat Example 117,user0117@example.com,02 5550 1234,,,51 824 753 556,,AU SMB customer record abn on file,
118,Pat Example 118,noreply118@example.net,02 5550 1234,,,,,AU SMB customer record,
119,Pat Example 119,noreply119@example.net,02 5550 1234,192.0.2.119,,,943 476 5919,AU SMB customer record nhs patient,
120,Pat Example 120,user0120@example.com,0412 220 300,,,,,AU SMB customer record,
121,Pat Example 121,noreply121@example.net,02 5550 1234,,123 456 782,,,AU SMB customer record tfn on file,
122,Pat Example 122,noreply122@example.net,02 5550 1234,,,,,AU SMB customer record,
123,Pat Example 123,user0123@example.com,02 5550 1234,,,,,AU SMB customer record,
124,Pat Example 124,noreply124@example.net,02 5550 1234,,,,,AU SMB customer record,
125,Pat Example 125,noreply125@example.net,0412 225 355,,,,,AU SMB customer record,
126,Pat Example 126,user0126@example.com,02 5550 1234,192.0.2.126,,,,AU SMB customer record,
127,Pat Example 127,noreply127@example.net,02 5550 1234,,,,,AU SMB customer record,
128,Pat Example 128,noreply128@example.net,02 5550 1234,,,,,AU SMB customer record,
129,Pat Example 129,user0129@example.com,02 5550 1234,,,,,AU SMB customer record,
130,Pat Example 130,noreply130@example.net,0412 230 400,,,51 824 753 556,,AU SMB customer record abn on file,
131,Pat Example 131,noreply131@example.net,02 5550 1234,,,,,AU SMB customer record,
132,Pat Example 132,user0132@example.com,02 5550 1234,,123 456 782,,,AU SMB customer record tfn on file,
133,Pat Example 133,noreply133@example.net,02 5550 1234,192.0.2.133,,,,AU SMB customer record,4242424242424242
134,Pat Example 134,noreply134@example.net,02 5550 1234,,,,,AU SMB customer record,
135,Pat Example 135,user0135@example.com,0412 235 455,,,,,AU SMB customer record,
136,Pat Example 136,noreply136@example.net,02 5550 1234,,,,943 476 5919,AU SMB customer record nhs patient,
137,Pat Example 137,noreply137@example.net,02 5550 1234,,,,,AU SMB customer record,
138,Pat Example 138,user0138@example.com,02 5550 1234,,,,,AU SMB customer record,
139,Pat Example 139,noreply139@example.net,02 5550 1234,,,,,AU SMB customer record,
140,Pat Example 140,noreply140@example.net,0412 240 500,192.0.2.140,,,,AU SMB customer record,
141,Pat Example 141,user0141@example.com,02 5550 1234,,,,,AU SMB customer record,
142,Pat Example 142,noreply142@example.net,02 5550 1234,,,,,AU SMB customer record,
143,Pat Example 143,noreply143@example.net,02 5550 1234,,123 456 782,51 824 753 556,,AU SMB customer record tfn on file abn on file,
144,Pat Example 144,user0144@example.com,02 5550 1234,,,,,AU SMB customer record,
145,Pat Example 145,noreply145@example.net,0412 245 555,,,,,AU SMB customer record,
146,Pat Example 146,noreply146@example.net,02 5550 1234,,,,,AU SMB customer record,
147,Pat Example 147,user0147@example.com,02 5550 1234,192.0.2.147,,,,AU SMB customer record,
148,Pat Example 148,noreply148@example.net,02 5550 1234,,,,,AU SMB customer record,
149,Pat Example 149,noreply149@example.net,02 5550 1234,,,,,AU SMB customer record,
150,Pat Example 150,user0150@example.com,0412 250 600,,,,,AU SMB customer record,
151,Pat Example 151,noreply151@example.net,02 5550 1234,,,,,AU SMB customer record,
152,Pat Example 152,noreply152@example.net,02 5550 1234,,,,,AU SMB customer record,4242424242424242
153,Pat Example 153,user0153@example.com,02 5550 1234,,,,943 476 5919,AU SMB customer record nhs patient,
154,Pat Example 154,noreply154@example.net,02 5550 1234,192.0.2.154,123 456 782,,,AU SMB customer record tfn on file,
155,Pat Example 155,noreply155@example.net,0412 255 655,,,,,AU SMB customer record,
156,Pat Example 156,user0156@example.com,02 5550 1234,,,51 824 753 556,,AU SMB customer record abn on file,
157,Pat Example 157,noreply157@example.net,02 5550 1234,,,,,AU SMB customer record,
158,Pat Example 158,noreply158@example.net,02 5550 1234,,,,,AU SMB customer record,
159,Pat Example 159,user0159@example.com,02 5550 1234,,,,,AU SMB customer record,
160,Pat Example 160,noreply160@example.net,0412 260 700,,,,,AU SMB customer record,
161,Pat Example 161,noreply161@example.net,02 5550 1234,192.0.2.161,,,,AU SMB customer record,
162,Pat Example 162,user0162@example.com,02 5550 1234,,,,,AU SMB customer record,
163,Pat Example 163,noreply163@example.net,02 5550 1234,,,,,AU SMB customer record,
164,Pat Example 164,noreply164@example.net,02 5550 1234,,,,,AU SMB customer record,
165,Pat Example 165,user0165@example.com,0412 265 755,,123 456 782,,,AU SMB customer record tfn on file,
166,Pat Example 166,noreply166@example.net,02 5550 1234,,,,,AU SMB customer record,
167,Pat Example 167,noreply167@example.net,02 5550 1234,,,,,AU SMB customer record,
168,Pat Example 168,user0168@example.com,02 5550 1234,192.0.2.168,,,,AU SMB customer record,
169,Pat Example 169,noreply169@example.net,02 5550 1234,,,51 824 753 556,,AU SMB customer record abn on file,
170,Pat Example 170,noreply170@example.net,0412 270 800,,,,943 476 5919,AU SMB customer record nhs patient,
171,Pat Example 171,user0171@example.com,02 5550 1234,,,,,AU SMB customer record,4242424242424242
172,Pat Example 172,noreply172@example.net,02 5550 1234,,,,,AU SMB customer record,
173,Pat Example 173,noreply173@example.net,02 5550 1234,,,,,AU SMB customer record,
174,Pat Example 174,user0174@example.com,02 5550 1234,,,,,AU SMB customer record,
175,Pat Example 175,noreply175@example.net,0412 275 855,192.0.2.175,,,,AU SMB customer record,
176,Pat Example 176,noreply176@example.net,02 5550 1234,,123 456 782,,,AU SMB customer record tfn on file,
177,Pat Example 177,user0177@example.com,02 5550 1234,,,,,AU SMB customer record,
178,Pat Example 178,noreply178@example.net,02 5550 1234,,,,,AU SMB customer record,
179,Pat Example 179,noreply179@example.net,02 5550 1234,,,,,AU SMB customer record,
180,Pat Example 180,user0180@example.com,0412 280 000,,,,,AU SMB customer record,
181,Pat Example 181,noreply181@example.net,02 5550 1234,,,,,AU SMB customer record,
182,Pat Example 182,noreply182@example.net,02 5550 1234,192.0.2.182,,51 824 753 556,,AU SMB customer record abn on file,
183,Pat Example 183,user0183@example.com,02 5550 1234,,,,,AU SMB customer record,
184,Pat Example 184,noreply184@example.net,02 5550 1234,,,,,AU SMB customer record,
185,Pat Example 185,noreply185@example.net,0412 285 055,,,,,AU SMB customer record,
186,Pat Example 186,user0186@example.com,02 5550 1234,,,,,AU SMB customer record,
187,Pat Example 187,noreply187@example.net,02 5550 1234,,123 456 782,,943 476 5919,AU SMB customer record tfn on file nhs patient,
188,Pat Example 188,noreply188@example.net,02 5550 1234,,,,,AU SMB customer record,
189,Pat Example 189,user0189@example.com,02 5550 1234,192.0.2.189,,,,AU SMB customer record,
190,Pat Example 190,noreply190@example.net,0412 290 100,,,,,AU SMB customer record,4242424242424242
191,Pat Example 191,noreply191@example.net,02 5550 1234,,,,,AU SMB customer record,
192,Pat Example 192,user0192@example.com,02 5550 1234,,,,,AU SMB customer record,
193,Pat Example 193,noreply193@example.net,02 5550 1234,,,,,AU SMB customer record,
194,Pat Example 194,noreply194@example.net,02 5550 1234,,,,,AU SMB customer record,
195,Pat Example 195,user0195@example.com,0412 295 155,,,51 824 753 556,,AU SMB customer record abn on file,
196,Pat Example 196,noreply196@example.net,02 5550 1234,192.0.2.196,,,,AU SMB customer record,
197,Pat Example 197,noreply197@example.net,02 5550 1234,,,,,AU SMB customer record,
198,Pat Example 198,user0198@example.com,02 5550 1234,,123 456 782,,,AU SMB customer record tfn on file,
199,Pat Example 199,noreply199@example.net,02 5550 1234,,,,,AU SMB customer record,
200,Pat Example 200,noreply200@example.net,0412 300 200,,,,,AU SMB customer record,
201,Pat Example 201,user0201@example.com,02 5550 1234,,,,,AU SMB customer record,
202,Pat Example 202,noreply202@example.net,02 5550 1234,,,,,AU SMB customer record,
203,Pat Example 203,noreply203@example.net,02 5550 1234,192.0.2.203,,,,AU SMB customer record,
204,Pat Example 204,user0204@example.com,02 5550 1234,,,,943 476 5919,AU SMB customer record nhs patient,
205,Pat Example 205,noreply205@example.net,0412 305 255,,,,,AU SMB customer record,
206,Pat Example 206,noreply206@example.net,02 5550 1234,,,,,AU SMB customer record,
207,Pat Example 207,user0207@example.com,02 5550 1234,,,,,AU SMB customer record,
208,Pat Example 208,noreply208@example.net,02 5550 1234,,,51 824 753 556,,AU SMB customer record abn on file,
209,Pat Example 209,noreply209@example.net,02 5550 1234,,123 456 782,,,AU SMB customer record tfn on file,4242424242424242
210,Pat Example 210,user0210@example.com,0412 310 300,192.0.2.210,,,,AU SMB customer record,
211,Pat Example 211,noreply211@example.net,02 5550 1234,,,,,AU SMB customer record,
212,Pat Example 212,noreply212@example.net,02 5550 1234,,,,,AU SMB customer record,
213,Pat Example 213,user0213@example.com,02 5550 1234,,,,,AU SMB customer record,
214,Pat Example 214,noreply214@example.net,02 5550 1234,,,,,AU SMB customer record,
215,Pat Example 215,noreply215@example.net,0412 315 355,,,,,AU SMB customer record,
216,Pat Example 216,user0216@example.com,02 5550 1234,,,,,AU SMB customer record,
217,Pat Example 217,noreply217@example.net,02 5550 1234,192.0.2.217,,,,AU SMB customer record,
218,Pat Example 218,noreply218@example.net,02 5550 1234,,,,,AU SMB customer record,
219,Pat Example 219,user0219@example.com,02 5550 1234,,,,,AU SMB customer record,
220,Pat Example 220,noreply220@example.net,0412 320 400,,123 456 782,,,AU SMB customer record tfn on file,
221,Pat Example 221,noreply221@example.net,02 5550 1234,,,51 824 753 556,943 476 5919,AU SMB customer record abn on file nhs patient,
222,Pat Example 222,user0222@example.com,02 5550 1234,,,,,AU SMB customer record,
223,Pat Example 223,noreply223@example.net,02 5550 1234,,,,,AU SMB customer record,
224,Pat Example 224,noreply224@example.net,02 5550 1234,192.0.2.224,,,,AU SMB customer record,
225,Pat Example 225,user0225@example.com,0412 325 455,,,,,AU SMB customer record,
226,Pat Example 226,noreply226@example.net,02 5550 1234,,,,,AU SMB customer record,
227,Pat Example 227,noreply227@example.net,02 5550 1234,,,,,AU SMB customer record,
228,Pat Example 228,user0228@example.com,02 5550 1234,,,,,AU SMB customer record,4242424242424242
229,Pat Example 229,noreply229@example.net,02 5550 1234,,,,,AU SMB customer record,
230,Pat Example 230,noreply230@example.net,0412 330 500,,,,,AU SMB customer record,
231,Pat Example 231,user0231@example.com,02 5550 1234,192.0.2.231,123 456 782,,,AU SMB customer record tfn on file,
232,Pat Example 232,noreply232@example.net,02 5550 1234,,,,,AU SMB customer record,
233,Pat Example 233,noreply233@example.net,02 5550 1234,,,,,AU SMB customer record,
234,Pat Example 234,user0234@example.com,02 5550 1234,,,51 824 753 556,,AU SMB customer record abn on file,
235,Pat Example 235,noreply235@example.net,0412 335 555,,,,,AU SMB customer record,
236,Pat Example 236,noreply236@example.net,02 5550 1234,,,,,AU SMB customer record,
237,Pat Example 237,user0237@example.com,02 5550 1234,,,,,AU SMB customer record,
238,Pat Example 238,noreply238@example.net,02 5550 1234,192.0.2.238,,,943 476 5919,AU SMB customer record nhs patient,
239,Pat Example 239,noreply239@example.net,02 5550 1234,,,,,AU SMB customer record,
240,Pat Example 240,user0240@example.com,0412 340 600,,,,,AU SMB customer record,
241,Pat Example 241,noreply241@example.net,02 5550 1234,,,,,AU SMB customer record,
242,Pat Example 242,noreply242@example.net,02 5550 1234,,123 456 782,,,AU SMB customer record tfn on file,
243,Pat Example 243,user0243@example.com,02 5550 1234,,,,,AU SMB customer record,
244,Pat Example 244,noreply244@example.net,02 5550 1234,,,,,AU SMB customer record,
245,Pat Example 245,noreply245@example.net,0412 345 655,192.0.2.245,,,,AU SMB customer record,
246,Pat Example 246,user0246@example.com,02 5550 1234,,,,,AU SMB customer record,
247,Pat Example 247,noreply247@example.net,02 5550 1234,,,51 824 753 556,,AU SMB customer record abn on file,4242424242424242
248,Pat Example 248,noreply248@example.net,02 5550 1234,,,,,AU SMB customer record,
249,Pat Example 249,user0249@example.com,02 5550 1234,,,,,AU SMB customer record,
250,Pat Example 250,noreply250@example.net,0412 350 700,,,,,AU SMB customer record,
251,Pat Example 251,noreply251@example.net,02 5550 1234,,,,,AU SMB customer record,
252,Pat Example 252,user0252@example.com,02 5550 1234,192.0.2.2,,,,AU SMB customer record,
253,Pat Example 253,noreply253@example.net,02 5550 1234,,123 456 782,,,AU SMB customer record tfn on file,
254,Pat Example 254,noreply254@example.net,02 5550 1234,,,,,AU SMB customer record,
255,Pat Example 255,user0255@example.com,0412 355 755,,,,943 476 5919,AU SMB customer record nhs patient,
256,Pat Example 256,noreply256@example.net,02 5550 1234,,,,,AU SMB customer record,
257,Pat Example 257,noreply257@example.net,02 5550 1234,,,,,AU SMB customer record,
258,Pat Example 258,user0258@example.com,02 5550 1234,,,,,AU SMB customer record,
259,Pat Example 259,noreply259@example.net,02 5550 1234,192.0.2.9,,,,AU SMB customer record,
260,Pat Example 260,noreply260@example.net,0412 360 800,,,51 824 753 556,,AU SMB customer record abn on file,
261,Pat Example 261,user0261@example.com,02 5550 1234,,,,,AU SMB customer record,
262,Pat Example 262,noreply262@example.net,02 5550 1234,,,,,AU SMB customer record,
263,Pat Example 263,noreply263@example.net,02 5550 1234,,,,,AU SMB customer record,
264,Pat Example 264,user0264@example.com,02 5550 1234,,123 456 782,,,AU SMB customer record tfn on file,
265,Pat Example 265,noreply265@example.net,0412 365 855,,,,,AU SMB customer record,
266,Pat Example 266,noreply266@example.net,02 5550 1234,192.0.2.16,,,,AU SMB customer record,4242424242424242
267,Pat Example 267,user0267@example.com,02 5550 1234,,,,,AU SMB customer record,
268,Pat Example 268,noreply268@example.net,02 5550 1234,,,,,AU SMB customer record,
269,Pat Example 269,noreply269@example.net,02 5550 1234,,,,,AU SMB customer record,
270,Pat Example 270,user0270@example.com,0412 370 000,,,,,AU SMB customer record,
271,Pat Example 271,noreply271@example.net,02 5550 1234,,,,,AU SMB customer record,
272,Pat Example 272,noreply272@example.net,02 5550 1234,,,,943 476 5919,AU SMB customer record nhs patient,
273,Pat Example 273,user0273@example.com,02 5550 1234,192.0.2.23,,51 824 753 556,,AU SMB customer record abn on file,
274,Pat Example 274,noreply274@example.net,02 5550 1234,,,,,AU SMB customer record,
275,Pat Example 275,noreply275@example.net,0412 375 055,,123 456 782,,,AU SMB customer record tfn on file,
276,Pat Example 276,user0276@example.com,02 5550 1234,,,,,AU SMB customer record,
277,Pat Example 277,noreply277@example.net,02 5550 1234,,,,,AU SMB customer record,
278,Pat Example 278,noreply278@example.net,02 5550 1234,,,,,AU SMB customer record,
279,Pat Example 279,user0279@example.com,02 5550 1234,,,,,AU SMB customer record,
280,Pat Example 280,noreply280@example.net,0412 380 100,192.0.2.30,,,,AU SMB customer record,
281,Pat Example 281,noreply281@example.net,02 5550 1234,,,,,AU SMB customer record,
282,Pat Example 282,user0282@example.com,02 5550 1234,,,,,AU SMB customer record,
283,Pat Example 283,noreply283@example.net,02 5550 1234,,,,,AU SMB customer record,
284,Pat Example 284,noreply284@example.net,02 5550 1234,,,,,AU SMB customer record,
285,Pat Example 285,user0285@example.com,0412 385 155,,,,,AU SMB customer record,4242424242424242
286,Pat Example 286,noreply286@example.net,02 5550 1234,,123 456 782,51 824 753 556,,AU SMB customer record tfn on file abn on file,
287,Pat Example 287,noreply287@example.net,02 5550 1234,192.0.2.37,,,,AU SMB customer record,
288,Pat Example 288,user0288@example.com,02 5550 1234,,,,,AU SMB customer record,
289,Pat Example 289,noreply289@example.net,02 5550 1234,,,,943 476 5919,AU SMB customer record nhs patient,
290,Pat Example 290,noreply290@example.net,0412 390 200,,,,,AU SMB customer record,
291,Pat Example 291,user0291@example.com,02 5550 1234,,,,,AU SMB customer record,
292,Pat Example 292,noreply292@example.net,02 5550 1234,,,,,AU SMB customer record,
293,Pat Example 293,noreply293@example.net,02 5550 1234,,,,,AU SMB customer record,
294,Pat Example 294,user0294@example.com,02 5550 1234,192.0.2.44,,,,AU SMB customer record,
295,Pat Example 295,noreply295@example.net,0412 395 255,,,,,AU SMB customer record,
296,Pat Example 296,noreply296@example.net,02 5550 1234,,,,,AU SMB customer record,
297,Pat Example 297,user0297@example.com,02 5550 1234,,123 456 782,,,AU SMB customer record tfn on file,
298,Pat Example 298,noreply298@example.net,02 5550 1234,,,,,AU SMB customer record,
299,Pat Example 299,noreply299@example.net,02 5550 1234,,,51 824 753 556,,AU SMB customer record abn on file,
300,Pat Example 300,user0300@example.com,0412 400 300,,,,,AU SMB customer record,
301,Pat Example 301,noreply301@example.net,02 5550 1234,192.0.2.51,,,,AU SMB customer record,
302,Pat Example 302,noreply302@example.net,02 5550 1234,,,,,AU SMB customer record,
303,Pat Example 303,user0303@example.com,02 5550 1234,,,,,AU SMB customer record,
304,Pat Example 304,noreply304@example.net,02 5550 1234,,,,,AU SMB customer record,4242424242424242
305,Pat Example 305,noreply305@example.net,0412 405 355,,,,,AU SMB customer record,
306,Pat Example 306,user0306@example.com,02 5550 1234,,,,943 476 5919,AU SMB customer record nhs patient,
307,Pat Example 307,noreply307@example.net,02 5550 1234,,,,,AU SMB customer record,
308,Pat Example 308,noreply308@example.net,02 5550 1234,192.0.2.58,123 456 782,,,AU SMB customer record tfn on file,
309,Pat Example 309,user0309@example.com,02 5550 1234,,,,,AU SMB customer record,
310,Pat Example 310,noreply310@example.net,0412 410 400,,,,,AU SMB customer record,
311,Pat Example 311,noreply311@example.net,02 5550 1234,,,,,AU SMB customer record,
312,Pat Example 312,user0312@example.com,02 5550 1234,,,51 824 753 556,,AU SMB customer record abn on file,
313,Pat Example 313,noreply313@example.net,02 5550 1234,,,,,AU SMB customer record,
314,Pat Example 314,noreply314@example.net,02 5550 1234,,,,,AU SMB customer record,
315,Pat Example 315,user0315@example.com,0412 415 455,192.0.2.65,,,,AU SMB customer record,
316,Pat Example 316,noreply316@example.net,02 5550 1234,,,,,AU SMB customer record,
317,Pat Example 317,noreply317@example.net,02 5550 1234,,,,,AU SMB customer record,
318,Pat Example 318,user0318@example.com,02 5550 1234,,,,,AU SMB customer record,
319,Pat Example 319,noreply319@example.net,02 5550 1234,,123 456 782,,,AU SMB customer record tfn on file,
320,Pat Example 320,noreply320@example.net,0412 420 500,,,,,AU SMB customer record,
321,Pat Example 321,user0321@example.com,02 5550 1234,,,,,AU SMB customer record,
322,Pat Example 322,noreply322@example.net,02 5550 1234,192.0.2.72,,,,AU SMB customer record,
323,Pat Example 323,noreply323@example.net,02 5550 1234,,,,943 476 5919,AU SMB customer record nhs patient,4242424242424242
324,Pat Example 324,user0324@example.com,02 5550 1234,,,,,AU SMB customer record,
325,Pat Example 325,noreply325@example.net,0412 425 555,,,51 824 753 556,,AU SMB customer record abn on file,
326,Pat Example 326,noreply326@example.net,02 5550 1234,,,,,AU SMB customer record,
327,Pat Example 327,user0327@example.com,02 5550 1234,,,,,AU SMB customer record,
328,Pat Example 328,noreply328@example.net,02 5550 1234,,,,,AU SMB customer record,
329,Pat Example 329,noreply329@example.net,02 5550 1234,192.0.2.79,,,,AU SMB customer record,
330,Pat Example 330,user0330@example.com,0412 430 600,,123 456 782,,,AU SMB customer record tfn on file,
331,Pat Example 331,noreply331@example.net,02 5550 1234,,,,,AU SMB customer record,
332,Pat Example 332,noreply332@example.net,02 5550 1234,,,,,AU SMB customer record,
333,Pat Example 333,user0333@example.com,02 5550 1234,,,,,AU SMB customer record,
334,Pat Example 334,noreply334@example.net,02 5550 1234,,,,,AU SMB customer record,
335,Pat Example 335,noreply335@example.net,0412 435 655,,,,,AU SMB customer record,
336,Pat Example 336,user0336@example.com,02 5550 1234,192.0.2.86,,,,AU SMB customer record,
337,Pat Example 337,noreply337@example.net,02 5550 1234,,,,,AU SMB customer record,
338,Pat Example 338,noreply338@example.net,02 5550 1234,,,51 824 753 556,,AU SMB customer record abn on file,
339,Pat Example 339,user0339@example.com,02 5550 1234,,,,,AU SMB customer record,
340,Pat Example 340,noreply340@example.net,0412 440 700,,,,943 476 5919,AU SMB customer record nhs patient,
341,Pat Example 341,noreply341@example.net,02 5550 1234,,123 456 782,,,AU SMB customer record tfn on file,
342,Pat Example 342,user0342@example.com,02 5550 1234,,,,,AU SMB customer record,4242424242424242
343,Pat Example 343,noreply343@example.net,02 5550 1234,192.0.2.93,,,,AU SMB customer record,
344,Pat Example 344,noreply344@example.net,02 5550 1234,,,,,AU SMB customer record,
345,Pat Example 345,user0345@example.com,0412 445 755,,,,,AU SMB customer record,
346,Pat Example 346,noreply346@example.net,02 5550 1234,,,,,AU SMB customer record,
347,Pat Example 347,noreply347@example.net,02 5550 1234,,,,,AU SMB customer record,
348,Pat Example 348,user0348@example.com,02 5550 1234,,,,,AU SMB customer record,
349,Pat Example 349,noreply349@example.net,02 5550 1234,,,,,AU SMB customer record,
350,Pat Example 350,noreply350@example.net,0412 450 800,192.0.2.100,,,,AU SMB customer record,
351,Pat Example 351,user0351@example.com,02 5550 1234,,,51 824 753 556,,AU SMB customer record abn on file,
352,Pat Example 352,noreply352@example.net,02 5550 1234,,123 456 782,,,AU SMB customer record tfn on file,
353,Pat Example 353,noreply353@example.net,02 5550 1234,,,,,AU SMB customer record,
354,Pat Example 354,user0354@example.com,02 5550 1234,,,,,AU SMB customer record,
355,Pat Example 355,noreply355@example.net,0412 455 855,,,,,AU SMB customer record,
356,Pat Example 356,noreply356@example.net,02 5550 1234,,,,,AU SMB customer record,
357,Pat Example 357,user0357@example.com,02 5550 1234,192.0.2.107,,,943 476 5919,AU SMB customer record nhs patient,
358,Pat Example 358,noreply358@example.net,02 5550 1234,,,,,AU SMB customer record,
359,Pat Example 359,noreply359@example.net,02 5550 1234,,,,,AU SMB customer record,
360,Pat Example 360,user0360@example.com,0412 460 000,,,,,AU SMB customer record,
361,Pat Example 361,noreply361@example.net,02 5550 1234,,,,,AU SMB customer record,4242424242424242
362,Pat Example 362,noreply362@example.net,02 5550 1234,,,,,AU SMB customer record,
363,Pat Example 363,user0363@example.com,02 5550 1234,,123 456 782,,,AU SMB customer record tfn on file,
364,Pat Example 364,noreply364@example.net,02 5550 1234,192.0.2.114,,51 824 753 556,,AU SMB customer record abn on file,
365,Pat Example 365,noreply365@example.net,0412 465 055,,,,,AU SMB customer record,
366,Pat Example 366,user0366@example.com,02 5550 1234,,,,,AU SMB customer record,
367,Pat Example 367,noreply367@example.net,02 5550 1234,,,,,AU SMB customer record,
368,Pat Example 368,noreply368@example.net,02 5550 1234,,,,,AU SMB customer record,
369,Pat Example 369,user0369@example.com,02 5550 1234,,,,,AU SMB customer record,
370,Pat Example 370,noreply370@example.net,0412 470 100,,,,,AU SMB customer record,
371,Pat Example 371,noreply371@example.net,02 5550 1234,192.0.2.121,,,,AU SMB customer record,
372,Pat Example 372,user0372@example.com,02 5550 1234,,,,,AU SMB customer record,
373,Pat Example 373,noreply373@example.net,02 5550 1234,,,,,AU SMB customer record,
374,Pat Example 374,noreply374@example.net,02 5550 1234,,123 456 782,,943 476 5919,AU SMB customer record tfn on file nhs patient,
375,Pat Example 375,user0375@example.com,0412 475 155,,,,,AU SMB customer record,
376,Pat Example 376,noreply376@example.net,02 5550 1234,,,,,AU SMB customer record,
377,Pat Example 377,noreply377@example.net,02 5550 1234,,,51 824 753 556,,AU SMB customer record abn on file,
378,Pat Example 378,user0378@example.com,02 5550 1234,192.0.2.128,,,,AU SMB customer record,
379,Pat Example 379,noreply379@example.net,02 5550 1234,,,,,AU SMB customer record,
380,Pat Example 380,noreply380@example.net,0412 480 200,,,,,AU SMB customer record,4242424242424242
381,Pat Example 381,user0381@example.com,02 5550 1234,,,,,AU SMB customer record,
382,Pat Example 382,noreply382@example.net,02 5550 1234,,,,,AU SMB customer record,
383,Pat Example 383,noreply383@example.net,02 5550 1234,,,,,AU SMB customer record,
384,Pat Example 384,user0384@example.com,02 5550 1234,,,,,AU SMB customer record,
385,Pat Example 385,noreply385@example.net,0412 485 255,192.0.2.135,123 456 782,,,AU SMB customer record tfn on file,
386,Pat Example 386,noreply386@example.net,02 5550 1234,,,,,AU SMB customer record,
387,Pat Example 387,user0387@example.com,02 5550 1234,,,,,AU SMB customer record,
388,Pat Example 388,noreply388@example.net,02 5550 1234,,,,,AU SMB customer record,
389,Pat Example 389,noreply389@example.net,02 5550 1234,,,,,AU SMB customer record,
390,Pat Example 390,user0390@example.com,0412 490 300,,,51 824 753 556,,AU SMB customer record abn on file,
391,Pat Example 391,noreply391@example.net,02 5550 1234,,,,943 476 5919,AU SMB customer record nhs patient,
392,Pat Example 392,noreply392@example.net,02 5550 1234,192.0.2.142,,,,AU SMB customer record,
393,Pat Example 393,user0393@example.com,02 5550 1234,,,,,AU SMB customer record,
394,Pat Example 394,noreply394@example.net,02 5550 1234,,,,,AU SMB customer record,
395,Pat Example 395,noreply395@example.net,0412 495 355,,,,,AU SMB customer record,
396,Pat Example 396,user0396@example.com,02 5550 1234,,123 456 782,,,AU SMB customer record tfn on file,
397,Pat Example 397,noreply397@example.net,02 5550 1234,,,,,AU SMB customer record,
398,Pat Example 398,noreply398@example.net,02 5550 1234,,,,,AU SMB customer record,
399,Pat Example 399,user0399@example.com,02 5550 1234,192.0.2.149,,,,AU SMB customer record,4242424242424242
400,Pat Example 400,noreply400@example.net,0412 500 400,,,,,AU SMB customer record,
401,Pat Example 401,noreply401@example.net,02 5550 1234,,,,,AU SMB customer record,
402,Pat Example 402,user0402@example.com,02 5550 1234,,,,,AU SMB customer record,
403,Pat Example 403,noreply403@example.net,02 5550 1234,,,51 824 753 556,,AU SMB customer record abn on file,
404,Pat Example 404,noreply404@example.net,02 5550 1234,,,,,AU SMB customer record,
405,Pat Example 405,user0405@example.com,0412 505 455,,,,,AU SMB customer record,
406,Pat Example 406,noreply406@example.net,02 5550 1234,192.0.2.156,,,,AU SMB customer record,
407,Pat Example 407,noreply407@example.net,02 5550 1234,,123 456 782,,,AU SMB customer record tfn on file,
408,Pat Example 408,user0408@example.com,02 5550 1234,,,,943 476 5919,AU SMB customer record nhs patient,
409,Pat Example 409,noreply409@example.net,02 5550 1234,,,,,AU SMB customer record,
410,Pat Example 410,noreply410@example.net,0412 510 500,,,,,AU SMB customer record,
411,Pat Example 411,user0411@example.com,02 5550 1234,,,,,AU SMB customer record,
412,Pat Example 412,noreply412@example.net,02 5550 1234,,,,,AU SMB customer record,
413,Pat Example 413,noreply413@example.net,02 5550 1234,192.0.2.163,,,,AU SMB customer record,
414,Pat Example 414,user0414@example.com,02 5550 1234,,,,,AU SMB customer record,
415,Pat Example 415,noreply415@example.net,0412 515 555,,,,,AU SMB customer record,
416,Pat Example 416,noreply416@example.net,02 5550 1234,,,51 824 753 556,,AU SMB customer record abn on file,
417,Pat Example 417,user0417@example.com,02 5550 1234,,,,,AU SMB customer record,
418,Pat Example 418,noreply418@example.net,02 5550 1234,,123 456 782,,,AU SMB customer record tfn on file,4242424242424242
419,Pat Example 419,noreply419@example.net,02 5550 1234,,,,,AU SMB customer record,
420,Pat Example 420,user0420@example.com,0412 520 600,192.0.2.170,,,,AU SMB customer record,
421,Pat Example 421,noreply421@example.net,02 5550 1234,,,,,AU SMB customer record,
422,Pat Example 422,noreply422@example.net,02 5550 1234,,,,,AU SMB customer record,
423,Pat Example 423,user0423@example.com,02 5550 1234,,,,,AU SMB customer record,
424,Pat Example 424,noreply424@example.net,02 5550 1234,,,,,AU SMB customer record,
425,Pat Example 425,noreply425@example.net,0412 525 655,,,,943 476 5919,AU SMB customer record nhs patient,
426,Pat Example 426,user0426@example.com,02 5550 1234,,,,,AU SMB customer record,
427,Pat Example 427,noreply427@example.net,02 5550 1234,192.0.2.177,,,,AU SMB customer record,
428,Pat Example 428,noreply428@example.net,02 5550 1234,,,,,AU SMB customer record,
429,Pat Example 429,user0429@example.com,02 5550 1234,,123 456 782,51 824 753 556,,AU SMB customer record tfn on file abn on file,
430,Pat Example 430,noreply430@example.net,0412 530 700,,,,,AU SMB customer record,
431,Pat Example 431,noreply431@example.net,02 5550 1234,,,,,AU SMB customer record,
432,Pat Example 432,user0432@example.com,02 5550 1234,,,,,AU SMB customer record,
433,Pat Example 433,noreply433@example.net,02 5550 1234,,,,,AU SMB customer record,
434,Pat Example 434,noreply434@example.net,02 5550 1234,192.0.2.184,,,,AU SMB customer record,
435,Pat Example 435,user0435@example.com,0412 535 755,,,,,AU SMB customer record,
436,Pat Example 436,noreply436@example.net,02 5550 1234,,,,,AU SMB customer record,
437,Pat Example 437,noreply437@example.net,02 5550 1234,,,,,AU SMB customer record,4242424242424242
438,Pat Example 438,user0438@example.com,02 5550 1234,,,,,AU SMB customer record,
439,Pat Example 439,noreply439@example.net,02 5550 1234,,,,,AU SMB customer record,
440,Pat Example 440,noreply440@example.net,0412 540 800,,123 456 782,,,AU SMB customer record tfn on file,
441,Pat Example 441,user0441@example.com,02 5550 1234,192.0.2.191,,,,AU SMB customer record,
442,Pat Example 442,noreply442@example.net,02 5550 1234,,,51 824 753 556,943 476 5919,AU SMB customer record abn on file nhs patient,
443,Pat Example 443,noreply443@example.net,02 5550 1234,,,,,AU SMB customer record,
444,Pat Example 444,user0444@example.com,02 5550 1234,,,,,AU SMB customer record,
445,Pat Example 445,noreply445@example.net,0412 545 855,,,,,AU SMB customer record,
446,Pat Example 446,noreply446@example.net,02 5550 1234,,,,,AU SMB customer record,
447,Pat Example 447,user0447@example.com,02 5550 1234,,,,,AU SMB customer record,
448,Pat Example 448,noreply448@example.net,02 5550 1234,192.0.2.198,,,,AU SMB customer record,
449,Pat Example 449,noreply449@example.net,02 5550 1234,,,,,AU SMB customer record,
450,Pat Example 450,user0450@example.com,0412 550 000,,,,,AU SMB customer record,
451,Pat Example 451,noreply451@example.net,02 5550 1234,,123 456 782,,,AU SMB customer record tfn on file,
452,Pat Example 452,noreply452@example.net,02 5550 1234,,,,,AU SMB customer record,
453,Pat Example 453,user0453@example.com,02 5550 1234,,,,,AU SMB customer record,
454,Pat Example 454,noreply454@example.net,02 5550 1234,,,,,AU SMB customer record,
455,Pat Example 455,noreply455@example.net,0412 555 055,192.0.2.205,,51 824 753 556,,AU SMB customer record abn on file,
456,Pat Example 456,user0456@example.com,02 5550 1234,,,,,AU SMB customer record,4242424242424242
457,Pat Example 457,noreply457@example.net,02 5550 1234,,,,,AU SMB customer record,
458,Pat Example 458,noreply458@example.net,02 5550 1234,,,,,AU SMB customer record,
459,Pat Example 459,user0459@example.com,02 5550 1234,,,,943 476 5919,AU SMB customer record nhs patient,
460,Pat Example 460,noreply460@example.net,0412 560 100,,,,,AU SMB customer record,
461,Pat Example 461,noreply461@example.net,02 5550 1234,,,,,AU SMB customer record,
462,Pat Example 462,user0462@example.com,02 5550 1234,192.0.2.212,123 456 782,,,AU SMB customer record tfn on file,
463,Pat Example 463,noreply463@example.net,02 5550 1234,,,,,AU SMB customer record,
464,Pat Example 464,noreply464@example.net,02 5550 1234,,,,,AU SMB customer record,
465,Pat Example 465,user0465@example.com,0412 565 155,,,,,AU SMB customer record,
466,Pat Example 466,noreply466@example.net,02 5550 1234,,,,,AU SMB customer record,
467,Pat Example 467,noreply467@example.net,02 5550 1234,,,,,AU SMB customer record,
468,Pat Example 468,user0468@example.com,02 5550 1234,,,51 824 753 556,,AU SMB customer record abn on file,
469,Pat Example 469,noreply469@example.net,02 5550 1234,192.0.2.219,,,,AU SMB customer record,
470,Pat Example 470,noreply470@example.net,0412 570 200,,,,,AU SMB customer record,
471,Pat Example 471,user0471@example.com,02 5550 1234,,,,,AU SMB customer record,
472,Pat Example 472,noreply472@example.net,02 5550 1234,,,,,AU SMB customer record,
473,Pat Example 473,noreply473@example.net,02 5550 1234,,123 456 782,,,AU SMB customer record tfn on file,
474,Pat Example 474,user0474@example.com,02 5550 1234,,,,,AU SMB customer record,
475,Pat Example 475,noreply475@example.net,0412 575 255,,,,,AU SMB customer record,4242424242424242
476,Pat Example 476,noreply476@example.net,02 5550 1234,192.0.2.226,,,943 476 5919,AU SMB customer record nhs patient,
477,Pat Example 477,user0477@example.com,02 5550 1234,,,,,AU SMB customer record,
478,Pat Example 478,noreply478@example.net,02 5550 1234,,,,,AU SMB customer record,
479,Pat Example 479,noreply479@example.net,02 5550 1234,,,,,AU SMB customer record,
480,Pat Example 480,user0480@example.com,0412 580 300,,,,,AU SMB customer record,
481,Pat Example 481,noreply481@example.net,02 5550 1234,,,51 824 753 556,,AU SMB customer record abn on file,
482,Pat Example 482,noreply482@example.net,02 5550 1234,,,,,AU SMB customer record,
483,Pat Example 483,user0483@example.com,02 5550 1234,192.0.2.233,,,,AU SMB customer record,
484,Pat Example 484,noreply484@example.net,02 5550 1234,,123 456 782,,,AU SMB customer record tfn on file,
485,Pat Example 485,noreply485@example.net,0412 585 355,,,,,AU SMB customer record,
486,Pat Example 486,user0486@example.com,02 5550 1234,,,,,AU SMB customer record,
487,Pat Example 487,noreply487@example.net,02 5550 1234,,,,,AU SMB customer record,
488,Pat Example 488,noreply488@example.net,02 5550 1234,,,,,AU SMB customer record,
489,Pat Example 489,user0489@example.com,02 5550 1234,,,,,AU SMB customer record,
490,Pat Example 490,noreply490@example.net,0412 590 400,192.0.2.240,,,,AU SMB customer record,
491,Pat Example 491,noreply491@example.net,02 5550 1234,,,,,AU SMB customer record,
492,Pat Example 492,user0492@example.com,02 5550 1234,,,,,AU SMB customer record,
493,Pat Example 493,noreply493@example.net,02 5550 1234,,,,943 476 5919,AU SMB customer record nhs patient,
494,Pat Example 494,noreply494@example.net,02 5550 1234,,,51 824 753 556,,AU SMB customer record abn on file,4242424242424242
495,Pat Example 495,user0495@example.com,0412 595 455,,123 456 782,,,AU SMB customer record tfn on file,
496,Pat Example 496,noreply496@example.net,02 5550 1234,,,,,AU SMB customer record,
497,Pat Example 497,noreply497@example.net,02 5550 1234,192.0.2.247,,,,AU SMB customer record,
498,Pat Example 498,user0498@example.com,02 5550 1234,,,,,AU SMB customer record,
499,Pat Example 499,noreply499@example.net,02 5550 1234,,,,,AU SMB customer record,
500,Pat Example 500,noreply500@example.net,0412 600 500,,,,,AU SMB customer record,
501,Pat Example 501,user0501@example.com,02 5550 1234,,,,,AU SMB customer record,
502,Pat Example 502,noreply502@example.net,02 5550 1234,,,,,AU SMB customer record,
503,Pat Example 503,noreply503@example.net,02 5550 1234,,,,,AU SMB customer record,
504,Pat Example 504,user0504@example.com,02 5550 1234,192.0.2.4,,,,AU SMB customer record,
505,Pat Example 505,noreply505@example.net,0412 605 555,,,,,AU SMB customer record,
506,Pat Example 506,noreply506@example.net,02 5550 1234,,123 456 782,,,AU SMB customer record tfn on file,
507,Pat Example 507,user0507@example.com,02 5550 1234,,,51 824 753 556,,AU SMB customer record abn on file,
508,Pat Example 508,noreply508@example.net,02 5550 1234,,,,,AU SMB customer record,
509,Pat Example 509,noreply509@example.net,02 5550 1234,,,,,AU SMB customer record,
510,Pat Example 510,user0510@example.com,0412 610 600,,,,943 476 5919,AU SMB customer record nhs patient,
511,Pat Example 511,noreply511@example.net,02 5550 1234,192.0.2.11,,,,AU SMB customer record,
512,Pat Example 512,noreply512@example.net,02 5550 1234,,,,,AU SMB customer record,
513,Pat Example 513,user0513@example.com,02 5550 1234,,,,,AU SMB customer record,4242424242424242
514,Pat Example 514,noreply514@example.net,02 5550 1234,,,,,AU SMB customer record,
515,Pat Example 515,noreply515@example.net,0412 615 655,,,,,AU SMB customer record,
516,Pat Example 516,user0516@example.com,02 5550 1234,,,,,AU SMB customer record,
517,Pat Example 517,noreply517@example.net,02 5550 1234,,123 456 782,,,AU SMB customer record tfn on file,
518,Pat Example 518,noreply518@example.net,02 5550 1234,192.0.2.18,,,,AU SMB customer record,
519,Pat Example 519,user0519@example.com,02 5550 1234,,,,,AU SMB customer record,
520,Pat Example 520,noreply520@example.net,0412 620 700,,,51 824 753 556,,AU SMB customer record abn on file,
521,Pat Example 521,noreply521@example.net,02 5550 1234,,,,,AU SMB customer record,
522,Pat Example 522,user0522@example.com,02 5550 1234,,,,,AU SMB customer record,
523,Pat Example 523,noreply523@example.net,02 5550 1234,,,,,AU SMB customer record,
524,Pat Example 524,noreply524@example.net,02 5550 1234,,,,,AU SMB customer record,
525,Pat Example 525,user0525@example.com,0412 625 755,192.0.2.25,,,,AU SMB customer record,
526,Pat Example 526,noreply526@example.net,02 5550 1234,,,,,AU SMB customer record,
527,Pat Example 527,noreply527@example.net,02 5550 1234,,,,943 476 5919,AU SMB customer record nhs patient,
528,Pat Example 528,user0528@example.com,02 5550 1234,,123 456 782,,,AU SMB customer record tfn on file,
529,Pat Example 529,noreply529@example.net,02 5550 1234,,,,,AU SMB customer record,
530,Pat Example 530,noreply530@example.net,0412 630 800,,,,,AU SMB customer record,
531,Pat Example 531,user0531@example.com,02 5550 1234,,,,,AU SMB customer record,
532,Pat Example 532,noreply532@example.net,02 5550 1234,192.0.2.32,,,,AU SMB customer record,4242424242424242
533,Pat Example 533,noreply533@example.net,02 5550 1234,,,51 824 753 556,,AU SMB customer record abn on file,
534,Pat Example 534,user0534@example.com,02 5550 1234,,,,,AU SMB customer record,
535,Pat Example 535,noreply535@example.net,0412 635 855,,,,,AU SMB customer record,
536,Pat Example 536,noreply536@example.net,02 5550 1234,,,,,AU SMB customer record,
537,Pat Example 537,user0537@example.com,02 5550 1234,,,,,AU SMB customer record,
538,Pat Example 538,noreply538@example.net,02 5550 1234,,,,,AU SMB customer record,
539,Pat Example 539,noreply539@example.net,02 5550 1234,192.0.2.39,123 456 782,,,AU SMB customer record tfn on file,
540,Pat Example 540,user0540@example.com,0412 640 000,,,,,AU SMB customer record,
541,Pat Example 541,noreply541@example.net,02 5550 1234,,,,,AU SMB customer record,
542,Pat Example 542,noreply542@example.net,02 5550 1234,,,,,AU SMB customer record,
543,Pat Example 543,user0543@example.com,02 5550 1234,,,,,AU SMB customer record,
544,Pat Example 544,noreply544@example.net,02 5550 1234,,,,943 476 5919,AU SMB customer record nhs patient,
545,Pat Example 545,noreply545@example.net,0412 645 055,,,,,AU SMB customer record,
546,Pat Example 546,user0546@example.com,02 5550 1234,192.0.2.46,,51 824 753 556,,AU SMB customer record abn on file,
547,Pat Example 547,noreply547@example.net,02 5550 1234,,,,,AU SMB customer record,
548,Pat Example 548,noreply548@example.net,02 5550 1234,,,,,AU SMB customer record,
549,Pat Example 549,user0549@example.com,02 5550 1234,,,,,AU SMB customer record,
550,Pat Example 550,noreply550@example.net,0412 650 100,,123 456 782,,,AU SMB customer record tfn on file,
551,Pat Example 551,noreply551@example.net,02 5550 1234,,,,,AU SMB customer record,4242424242424242
552,Pat Example 552,user0552@example.com,02 5550 1234,,,,,AU SMB customer record,
553,Pat Example 553,noreply553@example.net,02 5550 1234,192.0.2.53,,,,AU SMB customer record,
554,Pat Example 554,noreply554@example.net,02 5550 1234,,,,,AU SMB customer record,
555,Pat Example 555,user0555@example.com,0412 655 155,,,,,AU SMB customer record,
556,Pat Example 556,noreply556@example.net,02 5550 1234,,,,,AU SMB customer record,
557,Pat Example 557,noreply557@example.net,02 5550 1234,,,,,AU SMB customer record,
558,Pat Example 558,user0558@example.com,02 5550 1234,,,,,AU SMB customer record,
559,Pat Example 559,noreply559@example.net,02 5550 1234,,,51 824 753 556,,AU SMB customer record abn on file,
560,Pat Example 560,noreply560@example.net,0412 660 200,192.0.2.60,,,,AU SMB customer record,
561,Pat Example 561,user0561@example.com,02 5550 1234,,123 456 782,,943 476 5919,AU SMB customer record tfn on file nhs patient,
562,Pat Example 562,noreply562@example.net,02 5550 1234,,,,,AU SMB customer record,
563,Pat Example 563,noreply563@example.net,02 5550 1234,,,,,AU SMB customer record,
564,Pat Example 564,user0564@example.com,02 5550 1234,,,,,AU SMB customer record,
565,Pat Example 565,noreply565@example.net,0412 665 255,,,,,AU SMB customer record,
566,Pat Example 566,noreply566@example.net,02 5550 1234,,,,,AU SMB customer record,
567,Pat Example 567,user0567@example.com,02 5550 1234,192.0.2.67,,,,AU SMB customer record,
568,Pat Example 568,noreply568@example.net,02 5550 1234,,,,,AU SMB customer record,
569,Pat Example 569,noreply569@example.net,02 5550 1234,,,,,AU SMB customer record,
570,Pat Example 570,user0570@example.com,0412 670 300,,,,,AU SMB customer record,4242424242424242
571,Pat Example 571,noreply571@example.net,02 5550 1234,,,,,AU SMB customer record,
572,Pat Example 572,noreply572@example.net,02 5550 1234,,123 456 782,51 824 753 556,,AU SMB customer record tfn on file abn on file,
573,Pat Example 573,user0573@example.com,02 5550 1234,,,,,AU SMB customer record,
574,Pat Example 574,noreply574@example.net,02 5550 1234,192.0.2.74,,,,AU SMB customer record,
575,Pat Example 575,noreply575@example.net,0412 675 355,,,,,AU SMB customer record,
576,Pat Example 576,user0576@example.com,02 5550 1234,,,,,AU SMB customer record,
577,Pat Example 577,noreply577@example.net,02 5550 1234,,,,,AU SMB customer record,
578,Pat Example 578,noreply578@example.net,02 5550 1234,,,,943 476 5919,AU SMB customer record nhs patient,
579,Pat Example 579,user0579@example.com,02 5550 1234,,,,,AU SMB customer record,
580,Pat Example 580,noreply580@example.net,0412 680 400,,,,,AU SMB customer record,
581,Pat Example 581,noreply581@example.net,02 5550 1234,192.0.2.81,,,,AU SMB customer record,
582,Pat Example 582,user0582@example.com,02 5550 1234,,,,,AU SMB customer record,
583,Pat Example 583,noreply583@example.net,02 5550 1234,,123 456 782,,,AU SMB customer record tfn on file,
584,Pat Example 584,noreply584@example.net,02 5550 1234,,,,,AU SMB customer record,
585,Pat Example 585,user0585@example.com,0412 685 455,,,51 824 753 556,,AU SMB customer record abn on file,
586,Pat Example 586,noreply586@example.net,02 5550 1234,,,,,AU SMB customer record,
587,Pat Example 587,noreply587@example.net,02 5550 1234,,,,,AU SMB customer record,
588,Pat Example 588,user0588@example.com,02 5550 1234,192.0.2.88,,,,AU SMB customer record,
589,Pat Example 589,noreply589@example.net,02 5550 1234,,,,,AU SMB customer record,4242424242424242
590,Pat Example 590,noreply590@example.net,0412 690 500,,,,,AU SMB customer record,
591,Pat Example 591,user0591@example.com,02 5550 1234,,,,,AU SMB customer record,
592,Pat Example 592,noreply592@example.net,02 5550 1234,,,,,AU SMB customer record,
593,Pat Example 593,noreply593@example.net,02 5550 1234,,,,,AU SMB customer record,
594,Pat Example 594,user0594@example.com,02 5550 1234,,123 456 782,,,AU SMB customer record tfn on file,
595,Pat Example 595,noreply595@example.net,0412 695 555,192.0.2.95,,,943 476 5919,AU SMB customer record nhs patient,
596,Pat Example 596,noreply596@example.net,02 5550 1234,,,,,AU SMB customer record,
597,Pat Example 597,user0597@example.com,02 5550 1234,,,,,AU SMB customer record,
598,Pat Example 598,noreply598@example.net,02 5550 1234,,,51 824 753 556,,AU SMB customer record abn on file,
599,Pat Example 599,noreply599@example.net,02 5550 1234,,,,,AU SMB customer record,
600,Pat Example 600,user0600@example.com,0412 700 600,,,,,AU SMB customer record,
601,Pat Example 601,noreply601@example.net,02 5550 1234,,,,,AU SMB customer record,
602,Pat Example 602,noreply602@example.net,02 5550 1234,192.0.2.102,,,,AU SMB customer record,
603,Pat Example 603,user0603@example.com,02 5550 1234,,,,,AU SMB customer record,
604,Pat Example 604,noreply604@example.net,02 5550 1234,,,,,AU SMB customer record,
605,Pat Example 605,noreply605@example.net,0412 705 655,,123 456 782,,,AU SMB customer record tfn on file,
606,Pat Example 606,user0606@example.com,02 5550 1234,,,,,AU SMB customer record,
607,Pat Example 607,noreply607@example.net,02 5550 1234,,,,,AU SMB customer record,
608,Pat Example 608,noreply608@example.net,02 5550 1234,,,,,AU SMB customer record,4242424242424242
609,Pat Example 609,user0609@example.com,02 5550 1234,192.0.2.109,,,,AU SMB customer record,
610,Pat Example 610,noreply610@example.net,0412 710 700,,,,,AU SMB customer record,
611,Pat Example 611,noreply611@example.net,02 5550 1234,,,51 824 753 556,,AU SMB customer record abn on file,
612,Pat Example 612,user0612@example.com,02 5550 1234,,,,943 476 5919,AU SMB customer record nhs patient,
613,Pat Example 613,noreply613@example.net,02 5550 1234,,,,,AU SMB customer record,
614,Pat Example 614,noreply614@example.net,02 5550 1234,,,,,AU SMB customer record,
615,Pat Example 615,user0615@example.com,0412 715 755,,,,,AU SMB customer record,
616,Pat Example 616,noreply616@example.net,02 5550 1234,192.0.2.116,123 456 782,,,AU SMB customer record tfn on file,
617,Pat Example 617,noreply617@example.net,02 5550 1234,,,,,AU SMB customer record,
618,Pat Example 618,user0618@example.com,02 5550 1234,,,,,AU SMB customer record,
619,Pat Example 619,noreply619@example.net,02 5550 1234,,,,,AU SMB customer record,
620,Pat Example 620,noreply620@example.net,0412 720 800,,,,,AU SMB customer record,
621,Pat Example 621,user0621@example.com,02 5550 1234,,,,,AU SMB customer record,
622,Pat Example 622,noreply622@example.net,02 5550 1234,,,,,AU SMB customer record,
623,Pat Example 623,noreply623@example.net,02 5550 1234,192.0.2.123,,,,AU SMB customer record,
624,Pat Example 624,user0624@example.com,02 5550 1234,,,51 824 753 556,,AU SMB customer record abn on file,
625,Pat Example 625,noreply625@example.net,0412 725 855,,,,,AU SMB customer record,
626,Pat Example 626,noreply626@example.net,02 5550 1234,,,,,AU SMB customer record,
627,Pat Example 627,user0627@example.com,02 5550 1234,,123 456 782,,,AU SMB customer record tfn on file,4242424242424242
628,Pat Example 628,noreply628@example.net,02 5550 1234,,,,,AU SMB customer record,
629,Pat Example 629,noreply629@example.net,02 5550 1234,,,,943 476 5919,AU SMB customer record nhs patient,
630,Pat Example 630,user0630@example.com,0412 730 000,192.0.2.130,,,,AU SMB customer record,
631,Pat Example 631,noreply631@example.net,02 5550 1234,,,,,AU SMB customer record,
632,Pat Example 632,noreply632@example.net,02 5550 1234,,,,,AU SMB customer record,
633,Pat Example 633,user0633@example.com,02 5550 1234,,,,,AU SMB customer record,
634,Pat Example 634,noreply634@example.net,02 5550 1234,,,,,AU SMB customer record,
635,Pat Example 635,noreply635@example.net,0412 735 055,,,,,AU SMB customer record,
636,Pat Example 636,user0636@example.com,02 5550 1234,,,,,AU SMB customer record,
637,Pat Example 637,noreply637@example.net,02 5550 1234,192.0.2.137,,51 824 753 556,,AU SMB customer record abn on file,
638,Pat Example 638,noreply638@example.net,02 5550 1234,,123 456 782,,,AU SMB customer record tfn on file,
639,Pat Example 639,user0639@example.com,02 5550 1234,,,,,AU SMB customer record,
640,Pat Example 640,noreply640@example.net,0412 740 100,,,,,AU SMB customer record,
641,Pat Example 641,noreply641@example.net,02 5550 1234,,,,,AU SMB customer record,
642,Pat Example 642,user0642@example.com,02 5550 1234,,,,,AU SMB customer record,
643,Pat Example 643,noreply643@example.net,02 5550 1234,,,,,AU SMB customer record,
644,Pat Example 644,noreply644@example.net,02 5550 1234,192.0.2.144,,,,AU SMB customer record,
645,Pat Example 645,user0645@example.com,0412 745 155,,,,,AU SMB customer record,
646,Pat Example 646,noreply646@example.net,02 5550 1234,,,,943 476 5919,AU SMB customer record nhs patient,4242424242424242
647,Pat Example 647,noreply647@example.net,02 5550 1234,,,,,AU SMB customer record,
648,Pat Example 648,user0648@example.com,02 5550 1234,,,,,AU SMB customer record,
649,Pat Example 649,noreply649@example.net,02 5550 1234,,123 456 782,,,AU SMB customer record tfn on file,
650,Pat Example 650,noreply650@example.net,0412 750 200,,,51 824 753 556,,AU SMB customer record abn on file,
651,Pat Example 651,user0651@example.com,02 5550 1234,192.0.2.151,,,,AU SMB customer record,
652,Pat Example 652,noreply652@example.net,02 5550 1234,,,,,AU SMB customer record,
653,Pat Example 653,noreply653@example.net,02 5550 1234,,,,,AU SMB customer record,
654,Pat Example 654,user0654@example.com,02 5550 1234,,,,,AU SMB customer record,
655,Pat Example 655,noreply655@example.net,0412 755 255,,,,,AU SMB customer record,
656,Pat Example 656,noreply656@example.net,02 5550 1234,,,,,AU SMB customer record,
657,Pat Example 657,user0657@example.com,02 5550 1234,,,,,AU SMB customer record,
658,Pat Example 658,noreply658@example.net,02 5550 1234,192.0.2.158,,,,AU SMB customer record,
659,Pat Example 659,noreply659@example.net,02 5550 1234,,,,,AU SMB customer record,
660,Pat Example 660,user0660@example.com,0412 760 300,,123 456 782,,,AU SMB customer record tfn on file,
661,Pat Example 661,noreply661@example.net,02 5550 1234,,,,,AU SMB customer record,
662,Pat Example 662,noreply662@example.net,02 5550 1234,,,,,AU SMB customer record,
663,Pat Example 663,user0663@example.com,02 5550 1234,,,51 824 753 556,943 476 5919,AU SMB customer record abn on file nhs patient,
664,Pat Example 664,noreply664@example.net,02 5550 1234,,,,,AU SMB customer record,
665,Pat Example 665,noreply665@example.net,0412 765 355,192.0.2.165,,,,AU SMB customer record,4242424242424242
666,Pat Example 666,user0666@example.com,02 5550 1234,,,,,AU SMB customer record,
667,Pat Example 667,noreply667@example.net,02 5550 1234,,,,,AU SMB customer record,
668,Pat Example 668,noreply668@example.net,02 5550 1234,,,,,AU SMB customer record,
669,Pat Example 669,user0669@example.com,02 5550 1234,,,,,AU SMB customer record,
670,Pat Example 670,noreply670@example.net,0412 770 400,,,,,AU SMB customer record,
671,Pat Example 671,noreply671@example.net,02 5550 1234,,123 456 782,,,AU SMB customer record tfn on file,
672,Pat Example 672,user0672@example.com,02 5550 1234,192.0.2.172,,,,AU SMB customer record,
673,Pat Example 673,noreply673@example.net,02 5550 1234,,,,,AU SMB customer record,
674,Pat Example 674,noreply674@example.net,02 5550 1234,,,,,AU SMB customer record,
675,Pat Example 675,user0675@example.com,0412 775 455,,,,,AU SMB customer record,
676,Pat Example 676,noreply676@example.net,02 5550 1234,,,51 824 753 556,,AU SMB customer record abn on file,
677,Pat Example 677,noreply677@example.net,02 5550 1234,,,,,AU SMB customer record,
678,Pat Example 678,user0678@example.com,02 5550 1234,,,,,AU SMB customer record,
679,Pat Example 679,noreply679@example.net,02 5550 1234,192.0.2.179,,,,AU SMB customer record,
680,Pat Example 680,noreply680@example.net,0412 780 500,,,,943 476 5919,AU SMB customer record nhs patient,
681,Pat Example 681,user0681@example.com,02 5550 1234,,,,,AU SMB customer record,
682,Pat Example 682,noreply682@example.net,02 5550 1234,,123 456 782,,,AU SMB customer record tfn on file,
683,Pat Example 683,noreply683@example.net,02 5550 1234,,,,,AU SMB customer record,
684,Pat Example 684,user0684@example.com,02 5550 1234,,,,,AU SMB customer record,4242424242424242
685,Pat Example 685,noreply685@example.net,0412 785 555,,,,,AU SMB customer record,
686,Pat Example 686,noreply686@example.net,02 5550 1234,192.0.2.186,,,,AU SMB customer record,
687,Pat Example 687,user0687@example.com,02 5550 1234,,,,,AU SMB customer record,
688,Pat Example 688,noreply688@example.net,02 5550 1234,,,,,AU SMB customer record,
689,Pat Example 689,noreply689@example.net,02 5550 1234,,,51 824 753 556,,AU SMB customer record abn on file,
690,Pat Example 690,user0690@example.com,0412 790 600,,,,,AU SMB customer record,
691,Pat Example 691,noreply691@example.net,02 5550 1234,,,,,AU SMB customer record,
692,Pat Example 692,noreply692@example.net,02 5550 1234,,,,,AU SMB customer record,
693,Pat Example 693,user0693@example.com,02 5550 1234,192.0.2.193,123 456 782,,,AU SMB customer record tfn on file,
694,Pat Example 694,noreply694@example.net,02 5550 1234,,,,,AU SMB customer record,
695,Pat Example 695,noreply695@example.net,0412 795 655,,,,,AU SMB customer record,
696,Pat Example 696,user0696@example.com,02 5550 1234,,,,,AU SMB customer record,
697,Pat Example 697,noreply697@example.net,02 5550 1234,,,,943 476 5919,AU SMB customer record nhs patient,
698,Pat Example 698,noreply698@example.net,02 5550 1234,,,,,AU SMB customer record,
699,Pat Example 699,user0699@example.com,02 5550 1234,,,,,AU SMB customer record,
700,Pat Example 700,noreply700@example.net,0412 800 700,192.0.2.200,,,,AU SMB customer record,
701,Pat Example 701,noreply701@example.net,02 5550 1234,,,,,AU SMB customer record,
702,Pat Example 702,user0702@example.com,02 5550 1234,,,51 824 753 556,,AU SMB customer record abn on file,
703,Pat Example 703,noreply703@example.net,02 5550 1234,,,,,AU SMB customer record,4242424242424242
704,Pat Example 704,noreply704@example.net,02 5550 1234,,123 456 782,,,AU SMB customer record tfn on file,
705,Pat Example 705,user0705@example.com,0412 805 755,,,,,AU SMB customer record,
706,Pat Example 706,noreply706@example.net,02 5550 1234,,,,,AU SMB customer record,
707,Pat Example 707,noreply707@example.net,02 5550 1234,192.0.2.207,,,,AU SMB customer record,
708,Pat Example 708,user0708@example.com,02 5550 1234,,,,,AU SMB customer record,
709,Pat Example 709,noreply709@example.net,02 5550 1234,,,,,AU SMB customer record,
710,Pat Example 710,noreply710@example.net,0412 810 800,,,,,AU SMB customer record,
711,Pat Example 711,user0711@example.com,02 5550 1234,,,,,AU SMB customer record,
712,Pat Example 712,noreply712@example.net,02 5550 1234,,,,,AU SMB customer record,
713,Pat Example 713,noreply713@example.net,02 5550 1234,,,,,AU SMB customer record,
714,Pat Example 714,user0714@example.com,02 5550 1234,192.0.2.214,,,943 476 5919,AU SMB customer record nhs patient,
715,Pat Example 715,noreply715@example.net,0412 815 855,,123 456 782,51 824 753 556,,AU SMB customer record tfn on file abn on file,
716,Pat Example 716,noreply716@example.net,02 5550 1234,,,,,AU SMB customer record,
717,Pat Example 717,user0717@example.com,02 5550 1234,,,,,AU SMB customer record,
718,Pat Example 718,noreply718@example.net,02 5550 1234,,,,,AU SMB customer record,
719,Pat Example 719,noreply719@example.net,02 5550 1234,,,,,AU SMB customer record,
720,Pat Example 720,user0720@example.com,0412 820 000,,,,,AU SMB customer record,
721,Pat Example 721,noreply721@example.net,02 5550 1234,192.0.2.221,,,,AU SMB customer record,
722,Pat Example 722,noreply722@example.net,02 5550 1234,,,,,AU SMB customer record,4242424242424242
723,Pat Example 723,user0723@example.com,02 5550 1234,,,,,AU SMB customer record,
724,Pat Example 724,noreply724@example.net,02 5550 1234,,,,,AU SMB customer record,
725,Pat Example 725,noreply725@example.net,0412 825 055,,,,,AU SMB customer record,
726,Pat Example 726,user0726@example.com,02 5550 1234,,123 456 782,,,AU SMB customer record tfn on file,
727,Pat Example 727,noreply727@example.net,02 5550 1234,,,,,AU SMB customer record,
728,Pat Example 728,noreply728@example.net,02 5550 1234,192.0.2.228,,51 824 753 556,,AU SMB customer record abn on file,
729,Pat Example 729,user0729@example.com,02 5550 1234,,,,,AU SMB customer record,
730,Pat Example 730,noreply730@example.net,0412 830 100,,,,,AU SMB customer record,
731,Pat Example 731,noreply731@example.net,02 5550 1234,,,,943 476 5919,AU SMB customer record nhs patient,
732,Pat Example 732,user0732@example.com,02 5550 1234,,,,,AU SMB customer record,
733,Pat Example 733,noreply733@example.net,02 5550 1234,,,,,AU SMB customer record,
734,Pat Example 734,noreply734@example.net,02 5550 1234,,,,,AU SMB customer record,
735,Pat Example 735,user0735@example.com,0412 835 155,192.0.2.235,,,,AU SMB customer record,
736,Pat Example 736,noreply736@example.net,02 5550 1234,,,,,AU SMB customer record,
737,Pat Example 737,noreply737@example.net,02 5550 1234,,123 456 782,,,AU SMB customer record tfn on file,
738,Pat Example 738,user0738@example.com,02 5550 1234,,,,,AU SMB customer record,
739,Pat Example 739,noreply739@example.net,02 5550 1234,,,,,AU SMB customer record,
740,Pat Example 740,noreply740@example.net,0412 840 200,,,,,AU SMB customer record,
741,Pat Example 741,user0741@example.com,02 5550 1234,,,51 824 753 556,,AU SMB customer record abn on file,4242424242424242
742,Pat Example 742,noreply742@example.net,02 5550 1234,192.0.2.242,,,,AU SMB customer record,
743,Pat Example 743,noreply743@example.net,02 5550 1234,,,,,AU SMB customer record,
744,Pat Example 744,user0744@example.com,02 5550 1234,,,,,AU SMB customer record,
745,Pat Example 745,noreply745@example.net,0412 845 255,,,,,AU SMB customer record,
746,Pat Example 746,noreply746@example.net,02 5550 1234,,,,,AU SMB customer record,
747,Pat Example 747,user0747@example.com,02 5550 1234,,,,,AU SMB customer record,
748,Pat Example 748,noreply748@example.net,02 5550 1234,,123 456 782,,943 476 5919,AU SMB customer record tfn on file nhs patient,
749,Pat Example 749,noreply749@example.net,02 5550 1234,192.0.2.249,,,,AU SMB customer record,
750,Pat Example 750,user0750@example.com,0412 850 300,,,,,AU SMB customer record,
751,Pat Example 751,noreply751@example.net,02 5550 1234,,,,,AU SMB customer record,
752,Pat Example 752,noreply752@example.net,02 5550 1234,,,,,AU SMB customer record,
753,Pat Example 753,user0753@example.com,02 5550 1234,,,,,AU SMB customer record,
754,Pat Example 754,noreply754@example.net,02 5550 1234,,,51 824 753 556,,AU SMB customer record abn on file,
755,Pat Example 755,noreply755@example.net,0412 855 355,,,,,AU SMB customer record,
756,Pat Example 756,user0756@example.com,02 5550 1234,192.0.2.6,,,,AU SMB customer record,
757,Pat Example 757,noreply757@example.net,02 5550 1234,,,,,AU SMB customer record,
758,Pat Example 758,noreply758@example.net,02 5550 1234,,,,,AU SMB customer record,
759,Pat Example 759,user0759@example.com,02 5550 1234,,123 456 782,,,AU SMB customer record tfn on file,
760,Pat Example 760,noreply760@example.net,0412 860 400,,,,,AU SMB customer record,4242424242424242
761,Pat Example 761,noreply761@example.net,02 5550 1234,,,,,AU SMB customer record,
762,Pat Example 762,user0762@example.com,02 5550 1234,,,,,AU SMB customer record,
763,Pat Example 763,noreply763@example.net,02 5550 1234,192.0.2.13,,,,AU SMB customer record,
764,Pat Example 764,noreply764@example.net,02 5550 1234,,,,,AU SMB customer record,
765,Pat Example 765,user0765@example.com,0412 865 455,,,,943 476 5919,AU SMB customer record nhs patient,
766,Pat Example 766,noreply766@example.net,02 5550 1234,,,,,AU SMB customer record,
767,Pat Example 767,noreply767@example.net,02 5550 1234,,,51 824 753 556,,AU SMB customer record abn on file,
768,Pat Example 768,user0768@example.com,02 5550 1234,,,,,AU SMB customer record,
769,Pat Example 769,noreply769@example.net,02 5550 1234,,,,,AU SMB customer record,
770,Pat Example 770,noreply770@example.net,0412 870 500,192.0.2.20,123 456 782,,,AU SMB customer record tfn on file,
771,Pat Example 771,user0771@example.com,02 5550 1234,,,,,AU SMB customer record,
772,Pat Example 772,noreply772@example.net,02 5550 1234,,,,,AU SMB customer record,
773,Pat Example 773,noreply773@example.net,02 5550 1234,,,,,AU SMB customer record,
774,Pat Example 774,user0774@example.com,02 5550 1234,,,,,AU SMB customer record,
775,Pat Example 775,noreply775@example.net,0412 875 555,,,,,AU SMB customer record,
776,Pat Example 776,noreply776@example.net,02 5550 1234,,,,,AU SMB customer record,
777,Pat Example 777,user0777@example.com,02 5550 1234,192.0.2.27,,,,AU SMB customer record,
778,Pat Example 778,noreply778@example.net,02 5550 1234,,,,,AU SMB customer record,
779,Pat Example 779,noreply779@example.net,02 5550 1234,,,,,AU SMB customer record,4242424242424242
780,Pat Example 780,user0780@example.com,0412 880 600,,,51 824 753 556,,AU SMB customer record abn on file,
781,Pat Example 781,noreply781@example.net,02 5550 1234,,123 456 782,,,AU SMB customer record tfn on file,
782,Pat Example 782,noreply782@example.net,02 5550 1234,,,,943 476 5919,AU SMB customer record nhs patient,
783,Pat Example 783,user0783@example.com,02 5550 1234,,,,,AU SMB customer record,
784,Pat Example 784,noreply784@example.net,02 5550 1234,192.0.2.34,,,,AU SMB customer record,
785,Pat Example 785,noreply785@example.net,0412 885 655,,,,,AU SMB customer record,
786,Pat Example 786,user0786@example.com,02 5550 1234,,,,,AU SMB customer record,
787,Pat Example 787,noreply787@example.net,02 5550 1234,,,,,AU SMB customer record,
788,Pat Example 788,noreply788@example.net,02 5550 1234,,,,,AU SMB customer record,
789,Pat Example 789,user0789@example.com,02 5550 1234,,,,,AU SMB customer record,
790,Pat Example 790,noreply790@example.net,0412 890 700,,,,,AU SMB customer record,
791,Pat Example 791,noreply791@example.net,02 5550 1234,192.0.2.41,,,,AU SMB customer record,
792,Pat Example 792,user0792@example.com,02 5550 1234,,123 456 782,,,AU SMB customer record tfn on file,
793,Pat Example 793,noreply793@example.net,02 5550 1234,,,51 824 753 556,,AU SMB customer record abn on file,
794,Pat Example 794,noreply794@example.net,02 5550 1234,,,,,AU SMB customer record,
795,Pat Example 795,user0795@example.com,0412 895 755,,,,,AU SMB customer record,
796,Pat Example 796,noreply796@example.net,02 5550 1234,,,,,AU SMB customer record,
797,Pat Example 797,noreply797@example.net,02 5550 1234,,,,,AU SMB customer record,
798,Pat Example 798,user0798@example.com,02 5550 1234,192.0.2.48,,,,AU SMB customer record,4242424242424242
799,Pat Example 799,noreply799@example.net,02 5550 1234,,,,943 476 5919,AU SMB customer record nhs patient,
800,Pat Example 800,noreply800@example.net,0412 900 800,,,,,AU SMB customer record,
801,Pat Example 801,user0801@example.com,02 5550 1234,,,,,AU SMB customer record,
802,Pat Example 802,noreply802@example.net,02 5550 1234,,,,,AU SMB customer record,
803,Pat Example 803,noreply803@example.net,02 5550 1234,,123 456 782,,,AU SMB customer record tfn on file,
804,Pat Example 804,user0804@example.com,02 5550 1234,,,,,AU SMB customer record,
805,Pat Example 805,noreply805@example.net,0412 905 855,192.0.2.55,,,,AU SMB customer record,
806,Pat Example 806,noreply806@example.net,02 5550 1234,,,51 824 753 556,,AU SMB customer record abn on file,
807,Pat Example 807,user0807@example.com,02 5550 1234,,,,,AU SMB customer record,
808,Pat Example 808,noreply808@example.net,02 5550 1234,,,,,AU SMB customer record,
809,Pat Example 809,noreply809@example.net,02 5550 1234,,,,,AU SMB customer record,
810,Pat Example 810,user0810@example.com,0412 910 000,,,,,AU SMB customer record,
811,Pat Example 811,noreply811@example.net,02 5550 1234,,,,,AU SMB customer record,
812,Pat Example 812,noreply812@example.net,02 5550 1234,192.0.2.62,,,,AU SMB customer record,
813,Pat Example 813,user0813@example.com,02 5550 1234,,,,,AU SMB customer record,
814,Pat Example 814,noreply814@example.net,02 5550 1234,,123 456 782,,,AU SMB customer record tfn on file,
815,Pat Example 815,noreply815@example.net,0412 915 055,,,,,AU SMB customer record,
816,Pat Example 816,user0816@example.com,02 5550 1234,,,,943 476 5919,AU SMB customer record nhs patient,
817,Pat Example 817,noreply817@example.net,02 5550 1234,,,,,AU SMB customer record,4242424242424242
818,Pat Example 818,noreply818@example.net,02 5550 1234,,,,,AU SMB customer record,
819,Pat Example 819,user0819@example.com,02 5550 1234,192.0.2.69,,51 824 753 556,,AU SMB customer record abn on file,
820,Pat Example 820,noreply820@example.net,0412 920 100,,,,,AU SMB customer record,
821,Pat Example 821,noreply821@example.net,02 5550 1234,,,,,AU SMB customer record,
822,Pat Example 822,user0822@example.com,02 5550 1234,,,,,AU SMB customer record,
823,Pat Example 823,noreply823@example.net,02 5550 1234,,,,,AU SMB customer record,
824,Pat Example 824,noreply824@example.net,02 5550 1234,,,,,AU SMB customer record,
825,Pat Example 825,user0825@example.com,0412 925 155,,123 456 782,,,AU SMB customer record tfn on file,
826,Pat Example 826,noreply826@example.net,02 5550 1234,192.0.2.76,,,,AU SMB customer record,
827,Pat Example 827,noreply827@example.net,02 5550 1234,,,,,AU SMB customer record,
828,Pat Example 828,user0828@example.com,02 5550 1234,,,,,AU SMB customer record,
829,Pat Example 829,noreply829@example.net,02 5550 1234,,,,,AU SMB customer record,
830,Pat Example 830,noreply830@example.net,0412 930 200,,,,,AU SMB customer record,
831,Pat Example 831,user0831@example.com,02 5550 1234,,,,,AU SMB customer record,
832,Pat Example 832,noreply832@example.net,02 5550 1234,,,51 824 753 556,,AU SMB customer record abn on file,
833,Pat Example 833,noreply833@example.net,02 5550 1234,192.0.2.83,,,943 476 5919,AU SMB customer record nhs patient,
834,Pat Example 834,user0834@example.com,02 5550 1234,,,,,AU SMB customer record,
835,Pat Example 835,noreply835@example.net,0412 935 255,,,,,AU SMB customer record,
836,Pat Example 836,noreply836@example.net,02 5550 1234,,123 456 782,,,AU SMB customer record tfn on file,4242424242424242
837,Pat Example 837,user0837@example.com,02 5550 1234,,,,,AU SMB customer record,
838,Pat Example 838,noreply838@example.net,02 5550 1234,,,,,AU SMB customer record,
839,Pat Example 839,noreply839@example.net,02 5550 1234,,,,,AU SMB customer record,
840,Pat Example 840,user0840@example.com,0412 940 300,192.0.2.90,,,,AU SMB customer record,
841,Pat Example 841,noreply841@example.net,02 5550 1234,,,,,AU SMB customer record,
842,Pat Example 842,noreply842@example.net,02 5550 1234,,,,,AU SMB customer record,
843,Pat Example 843,user0843@example.com,02 5550 1234,,,,,AU SMB customer record,
844,Pat Example 844,noreply844@example.net,02 5550 1234,,,,,AU SMB customer record,
845,Pat Example 845,noreply845@example.net,0412 945 355,,,51 824 753 556,,AU SMB customer record abn on file,
846,Pat Example 846,user0846@example.com,02 5550 1234,,,,,AU SMB customer record,
847,Pat Example 847,noreply847@example.net,02 5550 1234,192.0.2.97,123 456 782,,,AU SMB customer record tfn on file,
848,Pat Example 848,noreply848@example.net,02 5550 1234,,,,,AU SMB customer record,
849,Pat Example 849,user0849@example.com,02 5550 1234,,,,,AU SMB customer record,
850,Pat Example 850,noreply850@example.net,0412 950 400,,,,943 476 5919,AU SMB customer record nhs patient,
851,Pat Example 851,noreply851@example.net,02 5550 1234,,,,,AU SMB customer record,
852,Pat Example 852,user0852@example.com,02 5550 1234,,,,,AU SMB customer record,
853,Pat Example 853,noreply853@example.net,02 5550 1234,,,,,AU SMB customer record,
854,Pat Example 854,noreply854@example.net,02 5550 1234,192.0.2.104,,,,AU SMB customer record,
855,Pat Example 855,user0855@example.com,0412 955 455,,,,,AU SMB customer record,4242424242424242
856,Pat Example 856,noreply856@example.net,02 5550 1234,,,,,AU SMB customer record,
857,Pat Example 857,noreply857@example.net,02 5550 1234,,,,,AU SMB customer record,
858,Pat Example 858,user0858@example.com,02 5550 1234,,123 456 782,51 824 753 556,,AU SMB customer record tfn on file abn on file,
859,Pat Example 859,noreply859@example.net,02 5550 1234,,,,,AU SMB customer record,
860,Pat Example 860,noreply860@example.net,0412 960 500,,,,,AU SMB customer record,
861,Pat Example 861,user0861@example.com,02 5550 1234,192.0.2.111,,,,AU SMB customer record,
862,Pat Example 862,noreply862@example.net,02 5550 1234,,,,,AU SMB customer record,
863,Pat Example 863,noreply863@example.net,02 5550 1234,,,,,AU SMB customer record,
864,Pat Example 864,user0864@example.com,02 5550 1234,,,,,AU SMB customer record,
865,Pat Example 865,noreply865@example.net,0412 965 555,,,,,AU SMB customer record,
866,Pat Example 866,noreply866@example.net,02 5550 1234,,,,,AU SMB customer record,
867,Pat Example 867,user0867@example.com,02 5550 1234,,,,943 476 5919,AU SMB customer record nhs patient,
868,Pat Example 868,noreply868@example.net,02 5550 1234,192.0.2.118,,,,AU SMB customer record,
869,Pat Example 869,noreply869@example.net,02 5550 1234,,123 456 782,,,AU SMB customer record tfn on file,
870,Pat Example 870,user0870@example.com,0412 970 600,,,,,AU SMB customer record,
871,Pat Example 871,noreply871@example.net,02 5550 1234,,,51 824 753 556,,AU SMB customer record abn on file,
872,Pat Example 872,noreply872@example.net,02 5550 1234,,,,,AU SMB customer record,
873,Pat Example 873,user0873@example.com,02 5550 1234,,,,,AU SMB customer record,
874,Pat Example 874,noreply874@example.net,02 5550 1234,,,,,AU SMB customer record,4242424242424242
875,Pat Example 875,noreply875@example.net,0412 975 655,192.0.2.125,,,,AU SMB customer record,
876,Pat Example 876,user0876@example.com,02 5550 1234,,,,,AU SMB customer record,
877,Pat Example 877,noreply877@example.net,02 5550 1234,,,,,AU SMB customer record,
878,Pat Example 878,noreply878@example.net,02 5550 1234,,,,,AU SMB customer record,
879,Pat Example 879,user0879@example.com,02 5550 1234,,,,,AU SMB customer record,
880,Pat Example 880,noreply880@example.net,0412 980 700,,123 456 782,,,AU SMB customer record tfn on file,
881,Pat Example 881,noreply881@example.net,02 5550 1234,,,,,AU SMB customer record,
882,Pat Example 882,user0882@example.com,02 5550 1234,192.0.2.132,,,,AU SMB customer record,
883,Pat Example 883,noreply883@example.net,02 5550 1234,,,,,AU SMB customer record,
884,Pat Example 884,noreply884@example.net,02 5550 1234,,,51 824 753 556,943 476 5919,AU SMB customer record abn on file nhs patient,
885,Pat Example 885,user0885@example.com,0412 985 755,,,,,AU SMB customer record,
886,Pat Example 886,noreply886@example.net,02 5550 1234,,,,,AU SMB customer record,
887,Pat Example 887,noreply887@example.net,02 5550 1234,,,,,AU SMB customer record,
888,Pat Example 888,user0888@example.com,02 5550 1234,,,,,AU SMB customer record,
889,Pat Example 889,noreply889@example.net,02 5550 1234,192.0.2.139,,,,AU SMB customer record,
890,Pat Example 890,noreply890@example.net,0412 990 800,,,,,AU SMB customer record,
891,Pat Example 891,user0891@example.com,02 5550 1234,,123 456 782,,,AU SMB customer record tfn on file,
892,Pat Example 892,noreply892@example.net,02 5550 1234,,,,,AU SMB customer record,
893,Pat Example 893,noreply893@example.net,02 5550 1234,,,,,AU SMB customer record,4242424242424242
894,Pat Example 894,user0894@example.com,02 5550 1234,,,,,AU SMB customer record,
895,Pat Example 895,noreply895@example.net,0412 995 855,,,,,AU SMB customer record,
896,Pat Example 896,noreply896@example.net,02 5550 1234,192.0.2.146,,,,AU SMB customer record,
897,Pat Example 897,user0897@example.com,02 5550 1234,,,51 824 753 556,,AU SMB customer record abn on file,
898,Pat Example 898,noreply898@example.net,02 5550 1234,,,,,AU SMB customer record,
899,Pat Example 899,noreply899@example.net,02 5550 1234,,,,,AU SMB customer record,
900,Pat Example 900,user0900@example.com,0412 100 000,,,,,AU SMB customer record,
901,Pat Example 901,noreply901@example.net,02 5550 1234,,,,943 476 5919,AU SMB customer record nhs patient,
902,Pat Example 902,noreply902@example.net,02 5550 1234,,123 456 782,,,AU SMB customer record tfn on file,
903,Pat Example 903,user0903@example.com,02 5550 1234,192.0.2.153,,,,AU SMB customer record,
904,Pat Example 904,noreply904@example.net,02 5550 1234,,,,,AU SMB customer record,
905,Pat Example 905,noreply905@example.net,0412 105 055,,,,,AU SMB customer record,
906,Pat Example 906,user0906@example.com,02 5550 1234,,,,,AU SMB customer record,
907,Pat Example 907,noreply907@example.net,02 5550 1234,,,,,AU SMB customer record,
908,Pat Example 908,noreply908@example.net,02 5550 1234,,,,,AU SMB customer record,
909,Pat Example 909,user0909@example.com,02 5550 1234,,,,,AU SMB customer record,
910,Pat Example 910,noreply910@example.net,0412 110 100,192.0.2.160,,51 824 753 556,,AU SMB customer record abn on file,
911,Pat Example 911,noreply911@example.net,02 5550 1234,,,,,AU SMB customer record,
912,Pat Example 912,user0912@example.com,02 5550 1234,,,,,AU SMB customer record,4242424242424242
913,Pat Example 913,noreply913@example.net,02 5550 1234,,123 456 782,,,AU SMB customer record tfn on file,
914,Pat Example 914,noreply914@example.net,02 5550 1234,,,,,AU SMB customer record,
915,Pat Example 915,user0915@example.com,0412 115 155,,,,,AU SMB customer record,
916,Pat Example 916,noreply916@example.net,02 5550 1234,,,,,AU SMB customer record,
917,Pat Example 917,noreply917@example.net,02 5550 1234,192.0.2.167,,,,AU SMB customer record,
918,Pat Example 918,user0918@example.com,02 5550 1234,,,,943 476 5919,AU SMB customer record nhs patient,
919,Pat Example 919,noreply919@example.net,02 5550 1234,,,,,AU SMB customer record,
920,Pat Example 920,noreply920@example.net,0412 120 200,,,,,AU SMB customer record,
921,Pat Example 921,user0921@example.com,02 5550 1234,,,,,AU SMB customer record,
922,Pat Example 922,noreply922@example.net,02 5550 1234,,,,,AU SMB customer record,
923,Pat Example 923,noreply923@example.net,02 5550 1234,,,51 824 753 556,,AU SMB customer record abn on file,
924,Pat Example 924,user0924@example.com,02 5550 1234,192.0.2.174,123 456 782,,,AU SMB customer record tfn on file,
925,Pat Example 925,noreply925@example.net,0412 125 255,,,,,AU SMB customer record,
926,Pat Example 926,noreply926@example.net,02 5550 1234,,,,,AU SMB customer record,
927,Pat Example 927,user0927@example.com,02 5550 1234,,,,,AU SMB customer record,
928,Pat Example 928,noreply928@example.net,02 5550 1234,,,,,AU SMB customer record,
929,Pat Example 929,noreply929@example.net,02 5550 1234,,,,,AU SMB customer record,
930,Pat Example 930,user0930@example.com,0412 130 300,,,,,AU SMB customer record,
931,Pat Example 931,noreply931@example.net,02 5550 1234,192.0.2.181,,,,AU SMB customer record,4242424242424242
932,Pat Example 932,noreply932@example.net,02 5550 1234,,,,,AU SMB customer record,
933,Pat Example 933,user0933@example.com,02 5550 1234,,,,,AU SMB customer record,
934,Pat Example 934,noreply934@example.net,02 5550 1234,,,,,AU SMB customer record,
935,Pat Example 935,noreply935@example.net,0412 135 355,,123 456 782,,943 476 5919,AU SMB customer record tfn on file nhs patient,
936,Pat Example 936,user0936@example.com,02 5550 1234,,,51 824 753 556,,AU SMB customer record abn on file,
937,Pat Example 937,noreply937@example.net,02 5550 1234,,,,,AU SMB customer record,
938,Pat Example 938,noreply938@example.net,02 5550 1234,192.0.2.188,,,,AU SMB customer record,
939,Pat Example 939,user0939@example.com,02 5550 1234,,,,,AU SMB customer record,
940,Pat Example 940,noreply940@example.net,0412 140 400,,,,,AU SMB customer record,
941,Pat Example 941,noreply941@example.net,02 5550 1234,,,,,AU SMB customer record,
942,Pat Example 942,user0942@example.com,02 5550 1234,,,,,AU SMB customer record,
943,Pat Example 943,noreply943@example.net,02 5550 1234,,,,,AU SMB customer record,
944,Pat Example 944,noreply944@example.net,02 5550 1234,,,,,AU SMB customer record,
945,Pat Example 945,user0945@example.com,0412 145 455,192.0.2.195,,,,AU SMB customer record,
946,Pat Example 946,noreply946@example.net,02 5550 1234,,123 456 782,,,AU SMB customer record tfn on file,
947,Pat Example 947,noreply947@example.net,02 5550 1234,,,,,AU SMB customer record,
948,Pat Example 948,user0948@example.com,02 5550 1234,,,,,AU SMB customer record,
949,Pat Example 949,noreply949@example.net,02 5550 1234,,,51 824 753 556,,AU SMB customer record abn on file,
950,Pat Example 950,noreply950@example.net,0412 150 500,,,,,AU SMB customer record,4242424242424242
951,Pat Example 951,user0951@example.com,02 5550 1234,,,,,AU SMB customer record,
952,Pat Example 952,noreply952@example.net,02 5550 1234,192.0.2.202,,,943 476 5919,AU SMB customer record nhs patient,
953,Pat Example 953,noreply953@example.net,02 5550 1234,,,,,AU SMB customer record,
954,Pat Example 954,user0954@example.com,02 5550 1234,,,,,AU SMB customer record,
955,Pat Example 955,noreply955@example.net,0412 155 555,,,,,AU SMB customer record,
956,Pat Example 956,noreply956@example.net,02 5550 1234,,,,,AU SMB customer record,
957,Pat Example 957,user0957@example.com,02 5550 1234,,123 456 782,,,AU SMB customer record tfn on file,
958,Pat Example 958,noreply958@example.net,02 5550 1234,,,,,AU SMB customer record,
959,Pat Example 959,noreply959@example.net,02 5550 1234,192.0.2.209,,,,AU SMB customer record,
960,Pat Example 960,user0960@example.com,0412 160 600,,,,,AU SMB customer record,
961,Pat Example 961,noreply961@example.net,02 5550 1234,,,,,AU SMB customer record,
962,Pat Example 962,noreply962@example.net,02 5550 1234,,,51 824 753 556,,AU SMB customer record abn on file,
963,Pat Example 963,user0963@example.com,02 5550 1234,,,,,AU SMB customer record,
964,Pat Example 964,noreply964@example.net,02 5550 1234,,,,,AU SMB customer record,
965,Pat Example 965,noreply965@example.net,0412 165 655,,,,,AU SMB customer record,
966,Pat Example 966,user0966@example.com,02 5550 1234,192.0.2.216,,,,AU SMB customer record,
967,Pat Example 967,noreply967@example.net,02 5550 1234,,,,,AU SMB customer record,
968,Pat Example 968,noreply968@example.net,02 5550 1234,,123 456 782,,,AU SMB customer record tfn on file,
969,Pat Example 969,user0969@example.com,02 5550 1234,,,,943 476 5919,AU SMB customer record nhs patient,4242424242424242
970,Pat Example 970,noreply970@example.net,0412 170 700,,,,,AU SMB customer record,
971,Pat Example 971,noreply971@example.net,02 5550 1234,,,,,AU SMB customer record,
972,Pat Example 972,user0972@example.com,02 5550 1234,,,,,AU SMB customer record,
973,Pat Example 973,noreply973@example.net,02 5550 1234,192.0.2.223,,,,AU SMB customer record,
974,Pat Example 974,noreply974@example.net,02 5550 1234,,,,,AU SMB customer record,
975,Pat Example 975,user0975@example.com,0412 175 755,,,51 824 753 556,,AU SMB customer record abn on file,
976,Pat Example 976,noreply976@example.net,02 5550 1234,,,,,AU SMB customer record,
977,Pat Example 977,noreply977@example.net,02 5550 1234,,,,,AU SMB customer record,
978,Pat Example 978,user0978@example.com,02 5550 1234,,,,,AU SMB customer record,
979,Pat Example 979,noreply979@example.net,02 5550 1234,,123 456 782,,,AU SMB customer record tfn on file,
980,Pat Example 980,noreply980@example.net,0412 180 800,192.0.2.230,,,,AU SMB customer record,
981,Pat Example 981,user0981@example.com,02 5550 1234,,,,,AU SMB customer record,
982,Pat Example 982,noreply982@example.net,02 5550 1234,,,,,AU SMB customer record,
983,Pat Example 983,noreply983@example.net,02 5550 1234,,,,,AU SMB customer record,
984,Pat Example 984,user0984@example.com,02 5550 1234,,,,,AU SMB customer record,
985,Pat Example 985,noreply985@example.net,0412 185 855,,,,,AU SMB customer record,
986,Pat Example 986,noreply986@example.net,02 5550 1234,,,,943 476 5919,AU SMB customer record nhs patient,
987,Pat Example 987,user0987@example.com,02 5550 1234,192.0.2.237,,,,AU SMB customer record,
988,Pat Example 988,noreply988@example.net,02 5550 1234,,,51 824 753 556,,AU SMB customer record abn on file,4242424242424242
989,Pat Example 989,noreply989@example.net,02 5550 1234,,,,,AU SMB customer record,
990,Pat Example 990,user0990@example.com,0412 190 000,,123 456 782,,,AU SMB customer record tfn on file,
991,Pat Example 991,noreply991@example.net,02 5550 1234,,,,,AU SMB customer record,
992,Pat Example 992,noreply992@example.net,02 5550 1234,,,,,AU SMB customer record,
993,Pat Example 993,user0993@example.com,02 5550 1234,,,,,AU SMB customer record,
994,Pat Example 994,noreply994@example.net,02 5550 1234,192.0.2.244,,,,AU SMB customer record,
995,Pat Example 995,noreply995@example.net,0412 195 055,,,,,AU SMB customer record,
996,Pat Example 996,user0996@example.com,02 5550 1234,,,,,AU SMB customer record,
997,Pat Example 997,noreply997@example.net,02 5550 1234,,,,,AU SMB customer record,
998,Pat Example 998,noreply998@example.net,02 5550 1234,,,,,AU SMB customer record,
999,Pat Example 999,user0999@example.com,02 5550 1234,,,,,AU SMB customer record,
1000,Pat Example 1000,noreply1000@example.net,0412 200 100,,,,,AU SMB customer record,
